,CVEGEO,nom_mun_x,PROG1,BEN1,FOTO1,PROG2,BEN2,FOTO2,PROG3,BEN3,FOTO3,PROG4,BEN4,FOTO4,PROG5,BEN5,FOTO5,PROG6,BEN6,FOTO6,PROG7,BEN7,FOTO7,PROG8,BEN8,FOTO8,PROG9,BEN9,FOTO9,PROG10,BEN10,FOTO10,PROG11,BEN11,FOTO11,PROG12,BEN12,FOTO12,PROG13,BEN13,FOTO13,PROG14,BEN14,FOTO14,PROG15,BEN15,FOTO15,mapa,cve_ent,cve_mun,nom_mun_y,latitud,longitud,lat_decimal,lon_decimal,altitud
0,30001,Acajete,0,0,0,0,0,0,0,0,0,0,0,0,Plataforma Digital,,0,0,0,0,0,0,0,0,0,0,0,0,0,0,0,0,0,0,0,0,0,0,0,0,0,0,0,0,0,0,0,300010001,30,1,Acajete,"19°35´13.108""N","097°00´37.633""W",19.586974,-97.010454,2019
1,30002,Acatlán,0,0,0,0,0,0,0,0,0,0,0,0,Plataforma Digital,,0,0,0,0,0,0,0,0,0,0,0,0,0,0,0,0,0,0,0,0,0,0,0,0,0,0,0,0,0,0,0,300020001,30,2,Acatlán,"19°41´48.927""N","096°50´31.829""W",19.696924,-96.842175,1739
2,30003,Acayucan,0,0,0,0,0,0,0,0,0,0,0,0,Plataforma Digital,,0,Atención y Atracción de Inversiones,1,https://www.flickr.com/photos/193071064@N03/albums/72157719270644337,Gestíon y Acompañamiento en materia industrial,9,https://www.flickr.com/photos/193071064@N03/albums/72157719260099024,PDIT,22,https://www.flickr.com/photos/193071064@N03/albums/72157719270736637,Vinculación industrial,1,https://www.flickr.com/photos/193071064@N03/albums/72157719313133965,Registro Único de Productores Veracruzanos,1,0,0,0,0,0,0,0,Estudio de contenido nutrimental,1,0,Registro de Marca ante el IMPI,2,0,0,0,0,300030001,30,3,Acayucan,"17°56´55.761""N","094°54´49.935""W",17.948823,-94.913871,101
3,30004,Actopan,0,0,0,0,0,0,Capacitación en materia industrial,1,0,Capacitación en materia industrial,1,0,Plataforma Digital,,0,0,0,0,0,0,0,0,0,0,Vinculación industrial,2,https://www.flickr.com/photos/193071064@N03/albums/72157719313133965,0,0,0,0,0,0,Obtención de Código de Barras,1,0,Estudio de contenido nutrimental,1,0,Registro de Marca ante el IMPI,1,0,Diseño de logotipo e imagen corporativa,1,0,300040001,30,4,Actopan,"19°30´14.584""N","096°37´00.773""W",19.504051,-96.616881,245
4,30005,Acula,0,0,0,0,0,0,0,0,0,0,0,0,Plataforma Digital,,0,0,0,0,0,0,0,0,0,0,0,0,0,0,0,0,0,0,0,0,0,0,0,0,0,0,0,0,0,0,0,300050001,30,5,Acula,"18°30´21.710""N","095°46´28.502""W",18.506031,-95.774584,15
5,30006,Acultzingo,0,0,0,0,0,0,0,0,0,0,0,0,Plataforma Digital,,0,0,0,0,0,0,0,0,0,0,0,0,0,0,0,0,0,0,0,0,0,0,0,0,0,0,0,0,0,0,0,300060001,30,6,Acultzingo,"18°43´07.546""N","097°18´10.214""W",18.718763,-97.302837,1659
6,30007,Camarón de Tejeda,0,0,0,0,0,0,0,0,0,0,0,0,Plataforma Digital,,0,0,0,0,0,0,0,0,0,0,0,0,0,0,0,0,0,0,0,0,0,0,0,0,0,0,0,0,0,0,0,300070001,30,7,Camarón de Tejeda,"19°01´16.229""N","096°36´53.912""W",19.021175,-96.614976,332
7,30008,Alpatláhuac,0,0,0,0,0,0,0,0,0,0,0,0,Plataforma Digital,,0,0,0,0,0,0,0,0,0,0,0,0,0,0,0,0,0,0,0,0,0,0,0,0,0,0,0,0,0,0,0,300080001,30,8,Alpatláhuac,"19°07´11.823""N","097°05´35.347""W",19.119951,-97.093152,1846
8,30009,Alto Lucero de Gutiérrez Barrios,0,0,0,0,0,0,0,0,0,0,0,0,Plataforma Digital,,0,0,0,0,Gestíon y Acompañamiento en materia industrial,2,https://www.flickr.com/photos/193071064@N03/albums/72157719260099024,0,0,0,0,0,0,0,0,0,0,0,0,Obtención de Código de Barras,1,0,0,0,0,0,0,0,0,0,0,300090001,30,9,Alto Lucero de Gutiérrez Barrios,"19°37´24.689""N","096°44´01.030""W",19.623525,-96.733619,1111
9,30010,Altotonga,0,0,0,0,0,0,Capacitación en materia industrial,2,0,Capacitación en materia industrial,2,0,Plataforma Digital,,0,0,0,0,Gestíon y Acompañamiento en materia industrial,1,https://www.flickr.com/photos/193071064@N03/albums/72157719260099024,0,0,0,0,0,0,Registro Único de Productores Veracruzanos,1,0,Marca de Certificación Hecho en Veracruz,1,0,Obtención de Código de Barras,1,0,0,0,0,Registro de Marca ante el IMPI,1,0,0,0,0,300100001,30,10,Altotonga,"19°45´58.136""N","097°14´43.894""W",19.766149,-97.245526,1881
10,30011,Alvarado,0,0,0,Asesorías en materia industrial,1,https://www.flickr.com/photos/193071064@N03/albums/72157719257839583,0,0,0,0,0,0,Plataforma Digital,,0,0,0,0,Gestíon y Acompañamiento en materia industrial,1,https://www.flickr.com/photos/193071064@N03/albums/72157719260099024,0,0,0,0,0,0,Registro Único de Productores Veracruzanos,2,0,Marca de Certificación Hecho en Veracruz,1,0,Obtención de Código de Barras,1,0,Estudio de contenido nutrimental,1,0,Registro de Marca ante el IMPI,3,0,0,0,0,300110001,30,11,Alvarado,"18°46´27.399""N","095°45´50.145""W",18.774278,-95.763929,6
11,30012,Amatitlán,0,0,0,0,0,0,0,0,0,0,0,0,Plataforma Digital,,0,0,0,0,Gestíon y Acompañamiento en materia industrial,1,https://www.flickr.com/photos/193071064@N03/albums/72157719260099024,0,0,0,0,0,0,0,0,0,0,0,0,0,0,0,0,0,0,0,0,0,0,0,0,300120001,30,12,Amatitlán,"18°25´56.438""N","095°43´59.806""W",18.432344,-95.733279,0
12,30013,Naranjos Amatlán,0,0,0,0,0,0,0,0,0,0,0,0,Plataforma Digital,,0,0,0,0,0,0,0,PDIT,17,https://www.flickr.com/photos/193071064@N03/albums/72157719270736637,0,0,0,0,0,0,0,0,0,0,0,0,0,0,0,0,0,0,0,0,0,300130001,30,13,Naranjos Amatlán,"21°20´48.849""N","097°41´10.506""W",21.346903,-97.686252,41
13,30014,Amatlán de los Reyes,0,0,0,0,0,0,0,0,0,0,0,0,Plataforma Digital,,0,0,0,0,Gestíon y Acompañamiento en materia industrial,2,https://www.flickr.com/photos/193071064@N03/albums/72157719260099024,0,0,0,0,0,0,Registro Único de Productores Veracruzanos,1,0,Marca de Certificación Hecho en Veracruz,1,0,0,0,0,0,0,0,0,0,0,0,0,0,300140001,30,14,Amatlán de los Reyes,"18°50´51.282""N","096°54´55.742""W",18.847578,-96.915484,742
14,30015,Angel R. Cabada,0,0,0,0,0,0,Capacitación en materia industrial,1,0,Capacitación en materia industrial,1,0,Plataforma Digital,,0,Atención y Atracción de Inversiones,1,https://www.flickr.com/photos/193071064@N03/albums/72157719270644337,0,0,0,PDIT,20,https://www.flickr.com/photos/193071064@N03/albums/72157719270736637,0,0,0,Registro Único de Productores Veracruzanos,1,0,0,0,0,0,0,0,0,0,0,0,0,0,0,0,0,300150001,30,15,Angel R. Cabada,"18°35´43.734""N","095°26´33.811""W",18.595482,-95.442725,21
15,30016,La Antigua,0,0,0,0,0,0,0,0,0,0,0,0,Plataforma Digital,,0,0,0,0,Gestíon y Acompañamiento en materia industrial,1,https://www.flickr.com/photos/193071064@N03/albums/72157719260099024,0,0,0,0,0,0,0,0,0,0,0,0,0,0,0,0,0,0,0,0,0,0,0,0,300160001,30,16,La Antigua,"19°22´00.589""N","096°22´17.002""W",19.36683,-96.371389,20
16,30017,Apazapan,0,0,0,0,0,0,0,0,0,0,0,0,Plataforma Digital,,0,0,0,0,0,0,0,0,0,0,0,0,0,0,0,0,0,0,0,0,0,0,0,0,0,0,0,0,0,0,0,300170001,30,17,Apazapan,"19°19´13.521""N","096°43´07.138""W",19.320423,-96.718649,279
17,30018,Aquila,0,0,0,0,0,0,0,0,0,0,0,0,Plataforma Digital,,0,0,0,0,0,0,0,0,0,0,0,0,0,0,0,0,0,0,0,0,0,0,0,0,0,0,0,0,0,0,0,300180001,30,18,Aquila,"18°47´44.647""N","097°18´29.244""W",18.795735,-97.308123,1824
18,30019,Astacinga,0,0,0,0,0,0,0,0,0,0,0,0,Plataforma Digital,,0,0,0,0,0,0,0,0,0,0,0,0,0,0,0,0,0,0,0,0,0,0,0,0,0,0,0,0,0,0,0,300190001,30,19,Astacinga,"18°34´00.588""N","097°06´07.474""W",18.56683,-97.102076,2257
19,30020,Atlahuilco,0,0,0,0,0,0,0,0,0,0,0,0,Plataforma Digital,,0,0,0,0,0,0,0,0,0,0,0,0,0,0,0,0,0,0,0,0,0,0,0,0,0,0,0,0,0,0,0,300200001,30,20,Atlahuilco,"18°41´50.738""N","097°05´26.468""W",18.697427,-97.090686,1739
20,30021,Atoyac,0,0,0,0,0,0,0,0,0,0,0,0,Plataforma Digital,,0,0,0,0,0,0,0,0,0,0,0,0,0,0,0,0,0,0,0,Obtención de Código de Barras,1,0,0,0,0,Registro de Marca ante el IMPI,1,0,0,0,0,300210001,30,21,Atoyac,"18°54´51.439""N","096°46´41.786""W",18.914289,-96.778274,484
21,30022,Atzacan,0,0,0,0,0,0,0,0,0,0,0,0,Plataforma Digital,,0,0,0,0,0,0,0,0,0,0,0,0,0,0,0,0,0,0,0,0,0,0,0,0,0,0,0,0,0,0,0,300220001,30,22,Atzacan,"18°54´25.084""N","097°05´02.057""W",18.906968,-97.083905,1283
22,30023,Atzalan,Promoción,1,https://www.flickr.com/photos/193071064@N03/albums/72157719263860576,0,0,0,Capacitación en materia industrial,2,0,Capacitación en materia industrial,2,0,Plataforma Digital,,0,0,0,0,0,0,0,0,0,0,0,0,0,Registro Único de Productores Veracruzanos,1,0,Marca de Certificación Hecho en Veracruz,1,0,0,0,0,0,0,0,0,0,0,0,0,0,300230001,30,23,Atzalan,"19°47´20.673""N","097°14´38.914""W",19.789076,-97.244143,1676
23,30024,Tlaltetela,0,0,0,0,0,0,Capacitación en materia industrial,2,0,Capacitación en materia industrial,2,0,Plataforma Digital,,0,0,0,0,Gestíon y Acompañamiento en materia industrial,1,https://www.flickr.com/photos/193071064@N03/albums/72157719260099024,0,0,0,Vinculación industrial,1,https://www.flickr.com/photos/193071064@N03/albums/72157719313133965,0,0,0,0,0,0,0,0,0,0,0,0,0,0,0,0,0,0,300240001,30,24,Tlaltetela,"19°18´52.775""N","096°54´09.308""W",19.31466,-96.902586,980
24,30025,Ayahualulco,0,0,0,0,0,0,0,0,0,0,0,0,Plataforma Digital,,0,0,0,0,0,0,0,0,0,0,0,0,0,0,0,0,0,0,0,0,0,0,0,0,0,0,0,0,0,0,0,300250001,30,25,Ayahualulco,"19°21´05.708""N","097°08´55.692""W",19.351586,-97.148803,2052
25,30026,Banderilla,0,0,0,0,0,0,Capacitación en materia industrial,4,0,Capacitación en materia industrial,4,0,Plataforma Digital,,0,0,0,0,0,0,0,0,0,0,0,2,https://www.flickr.com/photos/193071064@N03/albums/72157719313133965,Registro Único de Productores Veracruzanos,2,0,Marca de Certificación Hecho en Veracruz,2,0,0,0,0,0,0,0,Registro de Marca ante el IMPI,1,0,0,0,0,300260001,30,26,Banderilla,"19°35´29.784""N","096°56´27.184""W",19.591607,-96.940884,1510
26,30027,Benito Juárez,0,0,0,0,0,0,Capacitación en materia industrial,6,0,Capacitación en materia industrial,6,0,Plataforma Digital,,0,0,0,0,0,0,0,0,0,0,0,0,0,0,0,0,0,0,0,0,0,0,0,0,0,0,0,0,0,0,0,300270001,30,27,Benito Juárez,"20°53´11.619""N","098°12´19.601""W",20.886561,-98.205445,258
27,30028,Boca del Río,0,0,0,Asesorías en materia industrial,9,https://www.flickr.com/photos/193071064@N03/albums/72157719257839583,Capacitación en materia industrial,30,0,Capacitación en materia industrial,30,0,Plataforma Digital,,0,Atención y Atracción de Inversiones,31,https://www.flickr.com/photos/193071064@N03/albums/72157719270644337,Gestíon y Acompañamiento en materia industrial,22,https://www.flickr.com/photos/193071064@N03/albums/72157719260099024,0,0,0,Vinculación industrial,3,https://www.flickr.com/photos/193071064@N03/albums/72157719313133965,Registro Único de Productores Veracruzanos,7,0,Marca de Certificación Hecho en Veracruz,6,0,Obtención de Código de Barras,2,0,0,0,0,Registro de Marca ante el IMPI,5,0,Diseño de logotipo e imagen corporativa,3,0,300280001,30,28,Boca del Río,"19°06´19.580""N","096°06´23.945""W",19.105439,-96.106651,10
28,30029,Calcahualco,0,0,0,0,0,0,0,0,0,0,0,0,Plataforma Digital,,0,0,0,0,0,0,0,0,0,0,0,0,0,0,0,0,0,0,0,0,0,0,0,0,0,0,0,0,0,0,0,300290001,30,29,Calcahualco,"19°07´20.248""N","097°05´06.950""W",19.122291,-97.085264,1793
29,30030,Camerino Z. Mendoza,0,0,0,0,0,0,0,0,0,0,0,0,Plataforma Digital,,0,0,0,0,Gestíon y Acompañamiento en materia industrial,1,https://www.flickr.com/photos/193071064@N03/albums/72157719260099024,0,0,0,Vinculación industrial,1,https://www.flickr.com/photos/193071064@N03/albums/72157719313133965,0,0,0,0,0,0,0,0,0,0,0,0,0,0,0,0,0,0,300300001,30,30,Camerino Z. Mendoza,"18°48´15.267""N","097°11´04.982""W",18.804241,-97.184717,1339
30,30031,Carrillo Puerto,0,0,0,0,0,0,0,0,0,0,0,0,Plataforma Digital,,0,0,0,0,0,0,0,0,0,0,0,0,0,0,0,0,0,0,0,0,0,0,0,0,0,0,0,0,0,0,0,300310001,30,31,Carrillo Puerto,"18°47´59.609""N","096°34´15.815""W",18.799891,-96.57106,190
31,30032,Catemaco,0,0,0,0,0,0,Capacitación en materia industrial,1,0,Capacitación en materia industrial,1,0,Plataforma Digital,,0,0,0,0,0,0,0,PDIT,3,https://www.flickr.com/photos/193071064@N03/albums/72157719270736637,0,0,0,0,0,0,0,0,0,0,0,0,0,0,0,0,0,0,0,0,0,300320001,30,32,Catemaco,"18°25´28.613""N","095°06´44.421""W",18.424615,-95.112339,363
32,30033,Cazones de Herrera,0,0,0,0,0,0,0,0,0,0,0,0,Plataforma Digital,,0,0,0,0,0,0,0,0,0,0,0,0,0,0,0,0,0,0,0,0,0,0,0,0,0,0,0,0,0,0,0,300330001,30,33,Cazones de Herrera,"20°42´11.826""N","097°18´44.354""W",20.703285,-97.312321,18
33,30034,Cerro Azul,0,0,0,Asesorías en materia industrial,1,https://www.flickr.com/photos/193071064@N03/albums/72157719257839583,0,0,0,0,0,0,Plataforma Digital,,0,0,0,0,0,0,0,0,0,0,0,0,0,0,0,0,0,0,0,Obtención de Código de Barras,1,0,0,0,0,0,0,0,0,0,0,300340001,30,34,Cerro Azul,"21°11´29.280""N","097°44´32.347""W",21.191467,-97.742319,144
34,30035,Citlaltépetl,0,0,0,0,0,0,0,0,0,0,0,0,Plataforma Digital,,0,0,0,0,0,0,0,0,0,0,0,0,0,0,0,0,0,0,0,0,0,0,0,0,0,0,0,0,0,0,0,300350001,30,35,Citlaltépetl,"21°19´42.485""N","097°52´45.390""W",21.328468,-97.879275,221
35,30036,Coacoatzintla,0,0,0,0,0,0,0,0,0,0,0,0,Plataforma Digital,,0,0,0,0,Gestíon y Acompañamiento en materia industrial,3,https://www.flickr.com/photos/193071064@N03/albums/72157719260099024,0,0,0,0,0,0,0,0,0,0,0,0,Obtención de Código de Barras,1,0,0,0,0,Registro de Marca ante el IMPI,1,0,0,0,0,300360001,30,36,Coacoatzintla,"19°39´11.182""N","096°56´42.507""W",19.653106,-96.945141,1415
36,30037,Coahuitlán,0,0,0,0,0,0,0,0,0,0,0,0,Plataforma Digital,,0,0,0,0,0,0,0,PDIT,17,https://www.flickr.com/photos/193071064@N03/albums/72157719270736637,0,0,0,0,0,0,0,0,0,0,0,0,0,0,0,0,0,0,0,0,0,300370001,30,37,Coahuitlán,"20°16´30.222""N","097°42´53.549""W",20.275062,-97.714875,181
37,30038,Coatepec,Promoción,2,https://www.flickr.com/photos/193071064@N03/albums/72157719263860576,0,0,0,Capacitación en materia industrial,30,0,Capacitación en materia industrial,30,0,Plataforma Digital,,0,Atención y Atracción de Inversiones,15,https://www.flickr.com/photos/193071064@N03/albums/72157719270644337,Gestíon y Acompañamiento en materia industrial,13,https://www.flickr.com/photos/193071064@N03/albums/72157719260099024,0,0,0,Vinculación industrial,6,https://www.flickr.com/photos/193071064@N03/albums/72157719313133965,Registro Único de Productores Veracruzanos,20,0,Marca de Certificación Hecho en Veracruz,17,0,Obtención de Código de Barras,6,0,Estudio de contenido nutrimental,1,0,Registro de Marca ante el IMPI,16,0,Diseño de logotipo e imagen corporativa,5,0,300380001,30,38,Coatepec,"19°27´16.778""N","096°57´36.987""W",19.454661,-96.960274,1200
38,30039,Coatzacoalcos,0,0,0,Asesorías en materia industrial,2,https://www.flickr.com/photos/193071064@N03/albums/72157719257839583,Capacitación en materia industrial,32,0,Capacitación en materia industrial,32,0,Plataforma Digital,,0,Atención y Atracción de Inversiones,55,https://www.flickr.com/photos/193071064@N03/albums/72157719270644337,Gestíon y Acompañamiento en materia industrial,9,https://www.flickr.com/photos/193071064@N03/albums/72157719260099024,PDIT,36,https://www.flickr.com/photos/193071064@N03/albums/72157719270736637,Vinculación industrial,1,https://www.flickr.com/photos/193071064@N03/albums/72157719313133965,Registro Único de Productores Veracruzanos,2,0,Marca de Certificación Hecho en Veracruz,2,0,0,0,0,0,0,0,Registro de Marca ante el IMPI,1,0,Diseño de logotipo e imagen corporativa,1,0,300390001,30,39,Coatzacoalcos,"18°08´16.378""N","094°27´10.805""W",18.137883,-94.453001,19
39,30040,Coatzintla,0,0,0,0,0,0,Capacitación en materia industrial,1,0,Capacitación en materia industrial,1,0,Plataforma Digital,,0,0,0,0,Gestíon y Acompañamiento en materia industrial,1,https://www.flickr.com/photos/193071064@N03/albums/72157719260099024,0,0,0,0,0,0,0,0,0,0,0,0,0,0,0,0,0,0,0,0,0,0,0,0,300400001,30,40,Coatzintla,"20°28´56.508""N","097°27´38.815""W",20.482363,-97.460782,113
40,30041,Coetzala,0,0,0,0,0,0,0,0,0,0,0,0,Plataforma Digital,,0,0,0,0,0,0,0,0,0,0,0,0,0,0,0,0,0,0,0,0,0,0,0,0,0,0,0,0,0,0,0,300410001,30,41,Coetzala,"18°47´08.291""N","096°55´00.092""W",18.785636,-96.916692,640
41,30042,Colipa,0,0,0,0,0,0,0,0,0,0,0,0,Plataforma Digital,,0,0,0,0,0,0,0,0,0,0,0,0,0,0,0,0,0,0,0,0,0,0,0,0,0,0,0,0,0,0,0,300420001,30,42,Colipa,"19°55´26.399""N","096°43´36.228""W",19.924,-96.72673,192
42,30043,Comapa,0,0,0,0,0,0,0,0,0,0,0,0,Plataforma Digital,,0,0,0,0,0,0,0,0,0,0,0,0,0,0,0,0,0,0,0,0,0,0,0,0,0,0,0,0,0,0,0,300430001,30,43,Comapa,"19°09´52.664""N","096°53´10.433""W",19.164629,-96.886231,1060
43,30044,Córdoba,0,0,0,0,0,0,Capacitación en materia industrial,86,0,Capacitación en materia industrial,86,0,Plataforma Digital,,0,0,0,0,Gestíon y Acompañamiento en materia industrial,10,https://www.flickr.com/photos/193071064@N03/albums/72157719260099024,0,0,0,Vinculación industrial,3,https://www.flickr.com/photos/193071064@N03/albums/72157719313133965,Registro Único de Productores Veracruzanos,13,0,Marca de Certificación Hecho en Veracruz,12,0,Obtención de Código de Barras,1,0,Estudio de contenido nutrimental,2,0,Registro de Marca ante el IMPI,4,0,Diseño de logotipo e imagen corporativa,2,0,300440001,30,44,Córdoba,"18°53´39.782""N","096°56´07.257""W",18.894384,-96.935349,861
44,30045,Cosamaloapan de Carpio,0,0,0,0,0,0,0,1,0,0,1,0,Plataforma Digital,,0,0,0,0,0,0,0,0,0,0,0,0,0,0,0,0,0,0,0,0,0,0,0,0,0,Registro de Marca ante el IMPI,1,0,0,0,0,300450001,30,45,Cosamaloapan de Carpio,"18°21´53.186""N","095°47´46.891""W",18.364774,-95.796359,15
45,30046,Cosautlán de Carvajal,0,0,0,0,0,0,Capacitación en materia industrial,2,0,Capacitación en materia industrial,2,0,Plataforma Digital,,0,0,0,0,0,0,0,0,0,0,Vinculación industrial,2,https://www.flickr.com/photos/193071064@N03/albums/72157719313133965,Registro Único de Productores Veracruzanos,1,0,Marca de Certificación Hecho en Veracruz,1,0,0,0,0,0,0,0,Registro de Marca ante el IMPI,1,0,0,0,0,300460001,30,46,Cosautlán de Carvajal,"19°19´57.517""N","096°59´28.912""W",19.332644,-96.991364,1262
46,30047,Coscomatepec,0,0,0,0,0,0,0,0,0,0,0,0,Plataforma Digital,,0,0,0,0,Gestíon y Acompañamiento en materia industrial,6,https://www.flickr.com/photos/193071064@N03/albums/72157719260099024,0,0,0,0,0,0,Registro Único de Productores Veracruzanos,1,0,Marca de Certificación Hecho en Veracruz,1,0,0,0,0,0,0,0,0,0,0,0,0,0,300470001,30,47,Coscomatepec,"19°04´22.434""N","097°02´47.114""W",19.072898,-97.046421,1530
47,30048,Cosoleacaque,Promoción,1,https://www.flickr.com/photos/193071064@N03/albums/72157719263860576,0,0,0,Capacitación en materia industrial,6,0,Capacitación en materia industrial,6,0,Plataforma Digital,,0,Atención y Atracción de Inversiones,1,https://www.flickr.com/photos/193071064@N03/albums/72157719270644337,0,0,0,PDIT,20,https://www.flickr.com/photos/193071064@N03/albums/72157719270736637,0,0,0,0,0,0,0,0,0,Obtención de Código de Barras,1,0,0,0,0,0,0,0,0,0,0,300480001,30,48,Cosoleacaque,"17°59´54.942""N","094°38´08.499""W",17.998595,-94.635694,48
48,30049,Cotaxtla,0,0,0,0,0,0,0,0,0,0,0,0,Plataforma Digital,,0,0,0,0,0,0,0,0,0,0,0,3,https://www.flickr.com/photos/193071064@N03/albums/72157719313133965,0,0,0,0,0,0,0,0,0,0,0,0,0,0,0,0,0,0,300490001,30,49,Cotaxtla,"18°50´07.893""N","096°23´43.511""W",18.835526,-96.39542,37
49,30050,Coxquihui,0,0,0,0,0,0,0,0,0,0,0,0,Plataforma Digital,,0,0,0,0,0,0,0,PDIT,17,https://www.flickr.com/photos/193071064@N03/albums/72157719270736637,0,0,0,0,0,0,0,0,0,0,0,0,0,0,0,0,0,0,0,0,0,300500001,30,50,Coxquihui,"20°11´05.054""N","097°35´10.574""W",20.184737,-97.586271,299
50,30051,Coyutla,0,0,0,0,0,0,0,0,0,0,0,0,Plataforma Digital,,0,0,0,0,0,0,0,0,0,0,0,0,0,0,0,0,0,0,0,0,0,0,0,0,0,0,0,0,0,0,0,300510001,30,51,Coyutla,"20°14´49.638""N","097°39´27.710""W",20.247122,-97.657697,154
51,30052,Cuichapa,0,0,0,0,0,0,0,0,0,0,0,0,Plataforma Digital,,0,0,0,0,0,0,0,0,0,0,0,0,0,Registro Único de Productores Veracruzanos,1,0,Marca de Certificación Hecho en Veracruz,1,0,0,0,0,0,0,0,0,0,0,0,0,0,300520001,30,52,Cuichapa,"18°46´24.636""N","096°52´09.206""W",18.77351,-96.869224,569
52,30053,Cuitláhuac,0,0,0,0,0,0,0,0,0,0,0,0,Plataforma Digital,,0,0,0,0,0,0,0,0,0,0,0,0,0,0,0,0,0,0,0,0,0,0,0,0,0,0,0,0,0,0,0,300530001,30,53,Cuitláhuac,"18°48´52.342""N","096°43´20.362""W",18.814539,-96.722323,371
53,30054,Chacaltianguis,0,0,0,0,0,0,0,0,0,0,0,0,Plataforma Digital,,0,0,0,0,0,0,0,0,0,0,0,0,0,0,0,0,0,0,0,0,0,0,0,0,0,0,0,0,0,0,0,300540001,30,54,Chacaltianguis,"18°18´19.211""N","095°50´29.005""W",18.305336,-95.84139,13
54,30055,Chalma,0,0,0,0,0,0,0,0,0,0,0,0,Plataforma Digital,,0,0,0,0,0,0,0,0,0,0,0,0,0,0,0,0,0,0,0,0,0,0,0,0,0,0,0,0,0,0,0,300550001,30,55,Chalma,"21°12´30.208""N","098°23´51.371""W",21.208391,-98.397603,142
55,30056,Chiconamel,0,0,0,0,0,0,0,0,0,0,0,0,Plataforma Digital,,0,0,0,0,0,0,0,0,0,0,0,0,0,0,0,0,0,0,0,0,0,0,0,0,0,0,0,0,0,0,0,300560001,30,56,Chiconamel,"21°13´50.000""N","098°27´34.247""W",21.230556,-98.459513,131
56,30057,Chiconquiaco,0,0,0,0,0,0,0,0,0,0,0,0,Plataforma Digital,,0,0,0,0,0,0,0,PDIT,17,https://www.flickr.com/photos/193071064@N03/albums/72157719270736637,0,0,0,0,0,0,0,0,0,0,0,0,0,0,0,0,0,0,0,0,0,300570001,30,57,Chiconquiaco,"19°44´31.546""N","096°49´07.710""W",19.742096,-96.818808,2054
57,30058,Chicontepec,0,0,0,0,0,0,0,0,0,0,0,0,Plataforma Digital,,0,0,0,0,0,0,0,0,0,0,0,0,0,0,0,0,0,0,0,0,0,0,0,0,0,0,0,0,0,0,0,300580001,30,58,Chicontepec,"20°58´19.110""N","098°10´42.039""W",20.971975,-98.178344,557
58,30059,Chinameca,0,0,0,0,0,0,0,0,0,0,0,0,Plataforma Digital,,0,0,0,0,0,0,0,PDIT,3,https://www.flickr.com/photos/193071064@N03/albums/72157719270736637,0,1,https://www.flickr.com/photos/193071064@N03/albums/72157719313133965,0,0,0,0,0,0,0,0,0,0,0,0,0,0,0,0,0,0,300590001,30,59,Chinameca,"18°01´04.000""N","094°40´59.000""W",18.017778,-94.683056,40
59,30060,Chinampa de Gorostiza,0,0,0,0,0,0,0,0,0,0,0,0,Plataforma Digital,,0,0,0,0,0,0,0,0,0,0,0,0,0,0,0,0,0,0,0,0,0,0,0,0,0,0,0,0,0,0,0,300600001,30,60,Chinampa de Gorostiza,"21°21´34.558""N","097°44´07.217""W",21.359599,-97.735338,96
60,30061,Las Choapas,0,0,0,0,0,0,0,0,0,0,0,0,Plataforma Digital,,0,0,0,0,0,0,0,PDIT,2,https://www.flickr.com/photos/193071064@N03/albums/72157719270736637,0,0,0,0,0,0,0,0,0,0,0,0,0,0,0,0,0,0,0,0,0,300610001,30,61,Las Choapas,"17°54´33.573""N","094°05´24.994""W",17.909326,-94.090276,6
61,30062,Chocamán,0,0,0,0,0,0,0,0,0,0,0,0,Plataforma Digital,,0,0,0,0,Gestíon y Acompañamiento en materia industrial,1,https://www.flickr.com/photos/193071064@N03/albums/72157719260099024,0,0,0,0,0,0,0,0,0,0,0,0,0,0,0,0,0,0,0,0,0,0,0,0,300620001,30,62,Chocamán,"19°00´39.136""N","097°01´59.655""W",19.010871,-97.033238,1359
62,30063,Chontla,0,0,0,0,0,0,0,0,0,0,0,0,Plataforma Digital,,0,0,0,0,0,0,0,0,0,0,0,0,0,0,0,0,0,0,0,0,0,0,0,0,0,0,0,0,0,0,0,300630001,30,63,Chontla,"21°17´36.365""N","097°55´29.747""W",21.293435,-97.92493,267
63,30064,Chumatlán,0,0,0,0,0,0,0,0,0,0,0,0,Plataforma Digital,,0,0,0,0,0,0,0,0,0,0,0,0,0,0,0,0,0,0,0,0,0,0,0,0,0,0,0,0,0,0,0,300640001,30,64,Chumatlán,"20°12´27.117""N","097°35´40.691""W",20.207533,-97.594636,422
64,30065,Emiliano Zapata,0,0,0,0,0,0,Capacitación en materia industrial,14,0,Capacitación en materia industrial,14,0,Plataforma Digital,,0,Atención y Atracción de Inversiones,6,https://www.flickr.com/photos/193071064@N03/albums/72157719270644337,Gestíon y Acompañamiento en materia industrial,4,https://www.flickr.com/photos/193071064@N03/albums/72157719260099024,0,0,0,Vinculación industrial,3,https://www.flickr.com/photos/193071064@N03/albums/72157719313133965,Registro Único de Productores Veracruzanos,4,0,Marca de Certificación Hecho en Veracruz,4,0,Obtención de Código de Barras,1,0,0,0,0,0,0,0,Diseño de logotipo e imagen corporativa,1,0,300650001,30,65,Emiliano Zapata,"19°28´59.154""N","096°47´53.100""W",19.483098,-96.798083,941
65,30066,Espinal,0,0,0,0,0,0,0,0,0,0,0,0,Plataforma Digital,,0,0,0,0,0,0,0,0,0,0,0,2,https://www.flickr.com/photos/193071064@N03/albums/72157719313133965,0,0,0,0,0,0,0,0,0,0,0,0,0,0,0,0,0,0,300660001,30,66,Espinal,"20°15´33.942""N","097°23´54.652""W",20.259428,-97.398514,119
66,30067,Filomeno Mata,0,0,0,0,0,0,0,0,0,0,0,0,Plataforma Digital,,0,0,0,0,0,0,0,0,0,0,0,0,0,0,0,0,0,0,0,0,0,0,0,0,0,0,0,0,0,0,0,300670001,30,67,Filomeno Mata,"20°12´00.887""N","097°42´13.459""W",20.200246,-97.703739,711
67,30068,Fortín,0,0,0,0,0,0,Capacitación en materia industrial,2,0,Capacitación en materia industrial,2,0,Plataforma Digital,,0,0,0,0,Gestíon y Acompañamiento en materia industrial,1,https://www.flickr.com/photos/193071064@N03/albums/72157719260099024,0,0,0,0,0,0,Registro Único de Productores Veracruzanos,5,0,Marca de Certificación Hecho en Veracruz,2,0,Obtención de Código de Barras,1,0,0,0,0,Registro de Marca ante el IMPI,3,0,0,0,0,300680001,30,68,Fortín,"18°54´13.187""N","096°59´57.644""W",18.903663,-96.999346,1017
68,30069,Gutiérrez Zamora,0,0,0,0,0,0,0,0,0,0,0,0,Plataforma Digital,,0,0,0,0,0,0,0,PDIT,17,https://www.flickr.com/photos/193071064@N03/albums/72157719270736637,Vinculación industrial,1,https://www.flickr.com/photos/193071064@N03/albums/72157719313133965,0,0,0,0,0,0,0,0,0,Estudio de contenido nutrimental,1,0,0,0,0,0,0,0,300690001,30,69,Gutiérrez Zamora,"20°27´06.956""N","097°05´15.237""W",20.451932,-97.087566,16
69,30070,Hidalgotitlán,0,0,0,0,0,0,0,0,0,0,0,0,Plataforma Digital,,0,0,0,0,0,0,0,PDIT,2,https://www.flickr.com/photos/193071064@N03/albums/72157719270736637,0,0,0,0,0,0,0,0,0,0,0,0,0,0,0,0,0,0,0,0,0,300700001,30,70,Hidalgotitlán,"17°46´15.660""N","094°38´47.459""W",17.771017,-94.646516,20
70,30071,Huatusco,Promoción,1,https://www.flickr.com/photos/193071064@N03/albums/72157719263860576,0,0,0,Capacitación en materia industrial,10,0,Capacitación en materia industrial,10,0,Plataforma Digital,,0,0,0,0,0,0,0,0,0,0,Vinculación industrial,1,https://www.flickr.com/photos/193071064@N03/albums/72157719313133965,Registro Único de Productores Veracruzanos,9,0,Marca de Certificación Hecho en Veracruz,8,0,0,0,0,0,0,0,Registro de Marca ante el IMPI,1,0,Diseño de logotipo e imagen corporativa,1,0,300710001,30,71,Huatusco,"19°08´49.097""N","096°58´02.459""W",19.146971,-96.96735,1286
71,30072,Huayacocotla,0,0,0,0,0,0,Capacitación en materia industrial,1,0,Capacitación en materia industrial,1,0,Plataforma Digital,,0,0,0,0,0,0,0,PDIT,17,https://www.flickr.com/photos/193071064@N03/albums/72157719270736637,0,0,0,Registro Único de Productores Veracruzanos,1,0,Marca de Certificación Hecho en Veracruz,1,0,0,0,0,0,0,0,0,0,0,0,0,0,300720001,30,72,Huayacocotla,"20°32´14.198""N","098°28´44.947""W",20.537277,-98.479152,2165
72,30073,Hueyapan de Ocampo,0,0,0,0,0,0,Capacitación en materia industrial,1,0,Capacitación en materia industrial,1,0,Plataforma Digital,,0,Atención y Atracción de Inversiones,1,https://www.flickr.com/photos/193071064@N03/albums/72157719270644337,0,0,0,PDIT,2,https://www.flickr.com/photos/193071064@N03/albums/72157719270736637,0,0,0,0,0,0,0,0,0,0,0,0,0,0,0,0,0,0,0,0,0,300730001,30,73,Hueyapan de Ocampo,"18°09´06.689""N","095°08´33.664""W",18.151858,-95.142684,39
73,30074,Huiloapan de Cuauhtémoc,0,0,0,0,0,0,0,0,0,0,0,0,Plataforma Digital,,0,0,0,0,0,0,0,0,0,0,0,0,0,0,0,0,0,0,0,0,0,0,0,0,0,0,0,0,0,0,0,300740001,30,74,Huiloapan de Cuauhtémoc,"18°48´59.678""N","097°09´21.311""W",18.816577,-97.15592,1279
74,30075,Ignacio de la Llave,0,0,0,0,0,0,0,0,0,0,0,0,Plataforma Digital,,0,0,0,0,0,0,0,0,0,0,0,0,0,0,0,0,0,0,0,0,0,0,0,0,0,0,0,0,0,0,0,300750001,30,75,Ignacio de la Llave,"18°43´27.500""N","095°59´08.287""W",18.724306,-95.985635,5
75,30076,Ilamatlán,0,0,0,0,0,0,0,0,0,0,0,0,Plataforma Digital,,0,0,0,0,0,0,0,PDIT,17,https://www.flickr.com/photos/193071064@N03/albums/72157719270736637,0,0,0,Registro Único de Productores Veracruzanos,1,0,Marca de Certificación Hecho en Veracruz,1,0,0,0,0,0,0,0,0,0,0,0,0,0,300760001,30,76,Ilamatlán,"20°46´51.532""N","098°26´35.710""W",20.780981,-98.443253,1158
76,30077,Isla,0,0,0,0,0,0,Capacitación en materia industrial,2,0,Capacitación en materia industrial,2,0,Plataforma Digital,,0,0,0,0,0,0,0,PDIT,2,https://www.flickr.com/photos/193071064@N03/albums/72157719270736637,Vinculación industrial,1,https://www.flickr.com/photos/193071064@N03/albums/72157719313133965,0,0,0,0,0,0,0,0,0,0,0,0,Registro de Marca ante el IMPI,1,0,Diseño de logotipo e imagen corporativa,1,0,300770001,30,77,Isla,"18°01´39.050""N","095°31´39.461""W",18.027514,-95.527628,76
77,30078,Ixcatepec,0,0,0,0,0,0,0,0,0,0,0,0,Plataforma Digital,,0,0,0,0,0,0,0,0,0,0,0,0,0,0,0,0,0,0,0,0,0,0,0,0,0,0,0,0,0,0,0,300780001,30,78,Ixcatepec,"21°14´15.484""N","098°00´21.427""W",21.237634,-98.005952,201
78,30079,Ixhuacán de los Reyes,0,0,0,0,0,0,0,0,0,0,0,0,Plataforma Digital,,0,0,0,0,0,0,0,0,0,0,0,0,0,0,0,0,0,0,0,0,0,0,0,0,0,0,0,0,0,0,0,300790001,30,79,Ixhuacán de los Reyes,"19°21´21.405""N","097°06´55.007""W",19.355946,-97.11528,1781
79,30080,Ixhuatlán del Café,0,0,0,0,0,0,Capacitación en materia industrial,3,0,Capacitación en materia industrial,3,0,Plataforma Digital,,0,0,0,0,0,0,0,PDIT,17,https://www.flickr.com/photos/193071064@N03/albums/72157719270736637,Vinculación industrial,2,https://www.flickr.com/photos/193071064@N03/albums/72157719313133965,0,0,0,0,0,0,0,0,0,0,0,0,0,0,0,0,0,0,300800001,30,80,Ixhuatlán del Café,"19°03´04.164""N","096°59´03.570""W",19.051157,-96.984325,1341
80,30081,Ixhuatlancillo,0,0,0,0,0,0,0,0,0,0,0,0,Plataforma Digital,,0,0,0,0,0,0,0,0,0,0,0,0,0,0,0,0,0,0,0,0,0,0,0,0,0,0,0,0,0,0,0,300810001,30,81,Ixhuatlancillo,"18°53´52.525""N","097°08´56.165""W",18.897924,-97.148935,1431
81,30082,Ixhuatlán del Sureste,0,0,0,0,0,0,Capacitación en materia industrial,1,0,Capacitación en materia industrial,1,0,Plataforma Digital,,0,Atención y Atracción de Inversiones,1,https://www.flickr.com/photos/193071064@N03/albums/72157719270644337,Gestíon y Acompañamiento en materia industrial,3,https://www.flickr.com/photos/193071064@N03/albums/72157719260099024,PDIT,2,https://www.flickr.com/photos/193071064@N03/albums/72157719270736637,0,0,0,0,0,0,0,0,0,0,0,0,0,0,0,0,0,0,0,0,0,300820001,30,82,Ixhuatlán del Sureste,"18°01´21.913""N","094°23´37.419""W",18.022754,-94.393728,22
82,30083,Ixhuatlán de Madero,0,0,0,0,0,0,0,0,0,0,0,0,Plataforma Digital,,0,0,0,0,0,0,0,0,0,0,0,0,0,0,0,0,0,0,0,0,0,0,0,0,0,0,0,0,0,0,0,300830001,30,83,Ixhuatlán de Madero,"20°41´21.772""N","098°00´45.181""W",20.689381,-98.01255,242
83,30084,Ixmatlahuacan,0,0,0,0,0,0,0,0,0,0,0,0,Plataforma Digital,,0,0,0,0,0,0,0,0,0,0,0,0,0,0,0,0,0,0,0,0,0,0,0,0,0,0,0,0,0,0,0,300840001,30,84,Ixmatlahuacan,"18°26´54.847""N","095°49´47.575""W",18.448569,-95.829882,1
84,30085,Ixtaczoquitlán,0,0,0,0,0,0,0,0,0,0,0,0,Plataforma Digital,,0,Atención y Atracción de Inversiones,1,https://www.flickr.com/photos/193071064@N03/albums/72157719270644337,Gestíon y Acompañamiento en materia industrial,2,https://www.flickr.com/photos/193071064@N03/albums/72157719260099024,0,0,0,0,0,0,0,0,0,0,0,0,0,0,0,0,0,0,0,0,0,0,0,0,300850001,30,85,Ixtaczoquitlán,"18°51´03.839""N","097°03´47.042""W",18.851066,-97.063067,1138
85,30086,Jalacingo,0,0,0,0,0,0,0,0,0,0,0,0,Plataforma Digital,,0,0,0,0,0,0,0,0,0,0,0,0,0,0,0,0,0,0,0,0,0,0,0,0,0,0,0,0,Diseño de logotipo e imagen corporativa,1,0,300860001,30,86,Jalacingo,"19°48´21.478""N","097°18´31.254""W",19.805966,-97.308682,1865
86,30087,Xalapa,0,0,0,Asesorías en materia industrial,10,https://www.flickr.com/photos/193071064@N03/albums/72157719257839583,Capacitación en materia industrial,463,0,Capacitación en materia industrial,463,0,Plataforma Digital,,0,Atención y Atracción de Inversiones,49,https://www.flickr.com/photos/193071064@N03/albums/72157719270644337,Gestíon y Acompañamiento en materia industrial,11,https://www.flickr.com/photos/193071064@N03/albums/72157719260099024,0,0,0,Vinculación industrial,24,https://www.flickr.com/photos/193071064@N03/albums/72157719313133965,Registro Único de Productores Veracruzanos,50,0,Marca de Certificación Hecho en Veracruz,42,0,Obtención de Código de Barras,17,0,Estudio de contenido nutrimental,7,0,Registro de Marca ante el IMPI,66,0,Diseño de logotipo e imagen corporativa,19,0,300870001,30,87,Xalapa,"19°31´37.505""N","096°55´21.521""W",19.527085,-96.922645,1392
87,30088,Jalcomulco,0,0,0,0,0,0,0,0,0,0,0,0,Plataforma Digital,,0,0,0,0,0,0,0,0,0,0,0,0,0,0,0,0,0,0,0,0,0,0,0,0,0,0,0,0,0,0,0,300880001,30,88,Jalcomulco,"19°19´54.068""N","096°45´42.561""W",19.331686,-96.761823,343
88,30089,Jáltipan,0,0,0,0,0,0,0,0,0,0,0,0,Plataforma Digital,,0,0,0,0,0,0,0,PDIT,18,https://www.flickr.com/photos/193071064@N03/albums/72157719270736637,0,0,0,0,0,0,0,0,0,0,0,0,0,0,0,0,0,0,0,0,0,300890001,30,89,Jáltipan,"17°57´57.845""N","094°43´18.245""W",17.966068,-94.721735,70
89,30090,Jamapa,0,0,0,0,0,0,0,0,0,0,0,0,Plataforma Digital,,0,0,0,0,Gestíon y Acompañamiento en materia industrial,1,https://www.flickr.com/photos/193071064@N03/albums/72157719260099024,0,0,0,0,0,0,0,0,0,0,0,0,0,0,0,0,0,0,0,0,0,0,0,0,300900001,30,90,Jamapa,"19°02´31.295""N","096°14´26.127""W",19.042026,-96.240591,21
90,30091,Jesús Carranza,0,0,0,0,0,0,Capacitación en materia industrial,12,0,Capacitación en materia industrial,12,0,Plataforma Digital,,0,0,0,0,0,0,0,PDIT,20,https://www.flickr.com/photos/193071064@N03/albums/72157719270736637,0,0,0,0,0,0,0,0,0,0,0,0,0,0,0,0,0,0,0,0,0,300910001,30,91,Jesús Carranza,"17°26´05.737""N","095°01´34.509""W",17.434927,-95.026253,34
91,30092,Xico,Promoción,3,https://www.flickr.com/photos/193071064@N03/albums/72157719263860576,0,0,0,Capacitación en materia industrial,5,0,Capacitación en materia industrial,5,0,Plataforma Digital,,0,Atención y Atracción de Inversiones,5,https://www.flickr.com/photos/193071064@N03/albums/72157719270644337,0,0,0,0,0,0,Vinculación industrial,6,https://www.flickr.com/photos/193071064@N03/albums/72157719313133965,Registro Único de Productores Veracruzanos,7,0,Marca de Certificación Hecho en Veracruz,5,0,Obtención de Código de Barras,3,0,0,0,0,Registro de Marca ante el IMPI,2,0,Diseño de logotipo e imagen corporativa,2,0,300920001,30,92,Xico,"19°25´16.570""N","097°00´26.038""W",19.421269,-97.007233,1311
92,30093,Jilotepec,0,0,0,0,0,0,0,0,0,0,0,0,Plataforma Digital,,0,0,0,0,0,0,0,0,0,0,0,0,0,Registro Único de Productores Veracruzanos,1,0,Marca de Certificación Hecho en Veracruz,1,0,Obtención de Código de Barras,1,0,0,0,0,0,0,0,0,0,0,300930001,30,93,Jilotepec,"19°36´40.694""N","096°57´01.007""W",19.611304,-96.95028,1365
93,30094,Juan Rodríguez Clara,0,0,0,0,0,0,0,0,0,0,0,0,Plataforma Digital,,0,0,0,0,Gestíon y Acompañamiento en materia industrial,3,https://www.flickr.com/photos/193071064@N03/albums/72157719260099024,PDIT,19,https://www.flickr.com/photos/193071064@N03/albums/72157719270736637,0,0,0,0,0,0,0,0,0,0,0,0,0,0,0,0,0,0,0,0,0,300940001,30,94,Juan Rodríguez Clara,"17°59´38.413""N","095°24´04.874""W",17.994004,-95.401354,140
94,30095,Juchique de Ferrer,0,0,0,0,0,0,0,0,0,0,0,0,Plataforma Digital,,0,0,0,0,0,0,0,0,0,0,0,0,0,0,0,0,0,0,0,0,0,0,0,0,0,0,0,0,0,0,0,300950001,30,95,Juchique de Ferrer,"19°50´28.180""N","096°41´41.029""W",19.841161,-96.69473,377
95,30096,Landero y Coss,0,0,0,0,0,0,0,0,0,0,0,0,Plataforma Digital,,0,0,0,0,0,0,0,0,0,0,0,0,0,0,0,0,0,0,0,0,0,0,0,0,0,0,0,0,0,0,0,300960001,30,96,Landero y Coss,"19°44´06.691""N","096°51´05.716""W",19.735192,-96.851588,2001
96,30097,Lerdo de Tejada,0,0,0,0,0,0,0,0,0,0,0,0,Plataforma Digital,,0,0,0,0,0,0,0,0,0,0,0,0,0,0,0,0,0,0,0,0,0,0,0,0,0,Registro de Marca ante el IMPI,1,0,0,0,0,300970001,30,97,Lerdo de Tejada,"18°37´41.519""N","095°31´23.599""W",18.6282,-95.523222,10
97,30098,Magdalena,0,0,0,0,0,0,0,0,0,0,0,0,Plataforma Digital,,0,0,0,0,0,0,0,PDIT,17,https://www.flickr.com/photos/193071064@N03/albums/72157719270736637,0,0,0,0,0,0,0,0,0,0,0,0,0,0,0,0,0,0,0,0,0,300980001,30,98,Magdalena,"18°45´38.122""N","097°02´43.683""W",18.760589,-97.045468,1485
98,30099,Maltrata,0,0,0,0,0,0,0,0,0,0,0,0,Plataforma Digital,,0,0,0,0,0,0,0,0,0,0,0,0,0,0,0,0,0,0,0,0,0,0,0,0,0,0,0,0,0,0,0,300990001,30,99,Maltrata,"18°48´37.443""N","097°16´41.894""W",18.810401,-97.278304,1727
99,30100,Manlio Fabio Altamirano,0,0,0,0,0,0,0,0,0,0,0,0,Plataforma Digital,,0,0,0,0,0,0,0,0,0,0,0,0,0,0,0,0,0,0,0,0,0,0,0,0,0,0,0,0,0,0,0,301000001,30,100,Manlio Fabio Altamirano,"19°05´39.963""N","096°19´59.629""W",19.094434,-96.33323,49
100,30101,Mariano Escobedo,0,0,0,0,0,0,0,0,0,0,0,0,Plataforma Digital,,0,0,0,0,0,0,0,0,0,0,0,0,0,0,0,0,0,0,0,0,0,0,0,0,0,0,0,0,0,0,0,301010001,30,101,Mariano Escobedo,"18°54´46.388""N","097°07´48.087""W",18.912886,-97.130024,1514
101,30102,Martínez de la Torre,Promoción,1,https://www.flickr.com/photos/193071064@N03/albums/72157719263860576,0,0,0,Capacitación en materia industrial,37,0,Capacitación en materia industrial,37,0,Plataforma Digital,,0,0,0,0,Gestíon y Acompañamiento en materia industrial,3,https://www.flickr.com/photos/193071064@N03/albums/72157719260099024,PDIT,17,https://www.flickr.com/photos/193071064@N03/albums/72157719270736637,Vinculación industrial,1,https://www.flickr.com/photos/193071064@N03/albums/72157719313133965,0,0,0,0,0,0,0,0,0,0,0,0,Registro de Marca ante el IMPI,1,0,Diseño de logotipo e imagen corporativa,1,0,301020001,30,102,Martínez de la Torre,"20°04´24.196""N","097°03´13.824""W",20.073388,-97.05384,83
102,30103,Mecatlán,0,0,0,0,0,0,0,0,0,0,0,0,Plataforma Digital,,0,0,0,0,0,0,0,0,0,0,0,0,0,0,0,0,0,0,0,0,0,0,0,0,0,0,0,0,0,0,0,301030001,30,103,Mecatlán,"20°12´38.360""N","097°40´54.264""W",20.210656,-97.68174,857
103,30104,Mecayapan,0,0,0,0,0,0,0,0,0,0,0,0,Plataforma Digital,,0,0,0,0,0,0,0,PDIT,4,https://www.flickr.com/photos/193071064@N03/albums/72157719270736637,0,0,0,0,0,0,0,0,0,0,0,0,0,0,0,0,0,0,0,0,0,301040001,30,104,Mecayapan,"18°13´17.246""N","094°50´15.515""W",18.221457,-94.837643,350
104,30105,Medellín de Bravo,0,0,0,0,0,0,0,0,0,0,0,0,Plataforma Digital,,0,Atención y Atracción de Inversiones,12,https://www.flickr.com/photos/193071064@N03/albums/72157719270644337,Gestíon y Acompañamiento en materia industrial,8,https://www.flickr.com/photos/193071064@N03/albums/72157719260099024,PDIT,17,https://www.flickr.com/photos/193071064@N03/albums/72157719270736637,0,0,0,0,0,0,0,0,0,0,0,0,0,0,0,0,0,0,0,0,0,301050001,30,105,Medellín de Bravo,"19°03´33.266""N","096°09´29.419""W",19.059241,-96.158172,12
105,30106,Miahuatlán,0,0,0,0,0,0,0,0,0,0,0,0,Plataforma Digital,,0,0,0,0,0,0,0,0,0,0,0,0,0,Registro Único de Productores Veracruzanos,1,0,Marca de Certificación Hecho en Veracruz,1,0,0,0,0,0,0,0,0,0,0,0,0,0,301060001,30,106,Miahuatlán,"19°42´26.854""N","096°52´11.480""W",19.707459,-96.869856,1778
106,30107,Las Minas,0,0,0,0,0,0,0,0,0,0,0,0,Plataforma Digital,,0,0,0,0,0,0,0,0,0,0,0,0,0,0,0,0,0,0,0,0,0,0,0,0,0,0,0,0,0,0,0,301070001,30,107,Las Minas,"19°41´27.327""N","097°08´46.021""W",19.690924,-97.146117,1350
107,30108,Minatitlán,0,0,0,Asesorías en materia industrial,9,https://www.flickr.com/photos/193071064@N03/albums/72157719257839583,Capacitación en materia industrial,2,0,Capacitación en materia industrial,2,0,Plataforma Digital,,0,Atención y Atracción de Inversiones,2,https://www.flickr.com/photos/193071064@N03/albums/72157719270644337,Gestíon y Acompañamiento en materia industrial,1,https://www.flickr.com/photos/193071064@N03/albums/72157719260099024,PDIT,6,https://www.flickr.com/photos/193071064@N03/albums/72157719270736637,0,0,0,0,0,0,0,0,0,0,0,0,0,0,0,0,0,0,0,0,0,301080001,30,108,Minatitlán,"17°59´27.519""N","094°32´54.399""W",17.990978,-94.548444,17
108,30109,Misantla,0,0,0,0,0,0,Capacitación en materia industrial,1,0,Capacitación en materia industrial,1,0,Plataforma Digital,,0,0,0,0,0,0,0,0,0,0,Vinculación industrial,2,https://www.flickr.com/photos/193071064@N03/albums/72157719313133965,0,0,0,0,0,0,0,0,0,0,0,0,Registro de Marca ante el IMPI,2,0,Diseño de logotipo e imagen corporativa,4,0,301090001,30,109,Misantla,"19°55´43.084""N","096°51´09.850""W",19.928634,-96.852736,305
109,30110,Mixtla de Altamirano,0,0,0,0,0,0,0,0,0,0,0,0,Plataforma Digital,,0,0,0,0,0,0,0,0,0,0,0,0,0,0,0,0,0,0,0,0,0,0,0,0,0,0,0,0,0,0,0,301100001,30,110,Mixtla de Altamirano,"18°35´44.226""N","096°59´33.842""W",18.595618,-96.992734,1650
110,30111,Moloacán,0,0,0,0,0,0,0,0,0,0,0,0,Plataforma Digital,,0,Atención y Atracción de Inversiones,1,https://www.flickr.com/photos/193071064@N03/albums/72157719270644337,0,0,0,PDIT,20,https://www.flickr.com/photos/193071064@N03/albums/72157719270736637,0,0,0,0,0,0,0,0,0,0,0,0,0,0,0,0,0,0,0,0,0,301110001,30,111,Moloacán,"17°59´19.579""N","094°20´49.495""W",17.988772,-94.347082,91
111,30112,Naolinco,0,0,0,0,0,0,0,0,0,0,0,0,Plataforma Digital,,0,0,0,0,0,0,0,0,0,0,0,0,0,Registro Único de Productores Veracruzanos,1,0,Marca de Certificación Hecho en Veracruz,1,0,0,0,0,0,0,0,Registro de Marca ante el IMPI,1,0,0,0,0,301120001,30,112,Naolinco,"19°39´18.963""N","096°52´25.232""W",19.655268,-96.873676,1544
112,30113,Naranjal,0,0,0,0,0,0,0,0,0,0,0,0,Plataforma Digital,,0,0,0,0,0,0,0,0,0,0,0,0,0,0,0,0,0,0,0,0,0,0,0,0,0,0,0,0,0,0,0,301130001,30,113,Naranjal,"18°48´38.974""N","096°57´40.828""W",18.810826,-96.961341,726
113,30114,Nautla,0,0,0,0,0,0,0,0,0,0,0,0,Plataforma Digital,,0,0,0,0,0,0,0,0,0,0,0,0,0,0,0,0,0,0,0,0,0,0,0,0,0,0,0,0,0,0,0,301140001,30,114,Nautla,"20°12´33.090""N","096°46´26.930""W",20.209192,-96.774147,4
114,30115,Nogales,0,0,0,0,0,0,0,0,0,0,0,0,Plataforma Digital,,0,Atención y Atracción de Inversiones,1,https://www.flickr.com/photos/193071064@N03/albums/72157719270644337,0,0,0,PDIT,17,https://www.flickr.com/photos/193071064@N03/albums/72157719270736637,0,0,0,Registro Único de Productores Veracruzanos,1,0,Marca de Certificación Hecho en Veracruz,1,0,Obtención de Código de Barras,1,0,Estudio de contenido nutrimental,1,0,Registro de Marca ante el IMPI,1,0,0,0,0,301150001,30,115,Nogales,"18°49´21.134""N","097°09´45.203""W",18.822537,-97.162556,1290
115,30116,Oluta,0,0,0,0,0,0,0,0,0,0,0,0,Plataforma Digital,,0,0,0,0,0,0,0,PDIT,3,https://www.flickr.com/photos/193071064@N03/albums/72157719270736637,0,0,0,0,0,0,0,0,0,0,0,0,0,0,0,0,0,0,0,0,0,301160001,30,116,Oluta,"17°55´41.467""N","094°53´48.998""W",17.928185,-94.896944,85
116,30117,Omealca,0,0,0,0,0,0,0,0,0,0,0,0,Plataforma Digital,,0,0,0,0,0,0,0,0,0,0,0,0,0,0,0,0,0,0,0,0,0,0,0,0,0,0,0,0,0,0,0,301170001,30,117,Omealca,"18°44´50.299""N","096°47´10.331""W",18.747305,-96.786203,420
117,30118,Orizaba,0,0,0,Asesorías en materia industrial,1,https://www.flickr.com/photos/193071064@N03/albums/72157719257839583,Capacitación en materia industrial,3,0,Capacitación en materia industrial,3,0,Plataforma Digital,,0,0,0,0,Gestíon y Acompañamiento en materia industrial,5,https://www.flickr.com/photos/193071064@N03/albums/72157719260099024,0,0,0,0,0,0,Registro Único de Productores Veracruzanos,4,0,Marca de Certificación Hecho en Veracruz,4,0,Obtención de Código de Barras,1,0,0,0,0,Registro de Marca ante el IMPI,3,0,Diseño de logotipo e imagen corporativa,1,0,301180001,30,118,Orizaba,"18°51´03.459""N","097°05´56.092""W",18.850961,-97.098914,1219
118,30119,Otatitlán,0,0,0,0,0,0,0,0,0,0,0,0,Plataforma Digital,,0,0,0,0,0,0,0,0,0,0,0,0,0,Registro Único de Productores Veracruzanos,1,0,Marca de Certificación Hecho en Veracruz,1,0,0,0,0,0,0,0,0,0,0,0,0,0,301190001,30,119,Otatitlán,"18°10´36.165""N","096°02´04.468""W",18.176713,-96.034574,9
119,30120,Oteapan,0,0,0,0,0,0,0,0,0,0,0,0,Plataforma Digital,,0,0,0,0,0,0,0,PDIT,2,https://www.flickr.com/photos/193071064@N03/albums/72157719270736637,0,0,0,0,0,0,0,0,0,Obtención de Código de Barras,1,0,0,0,0,Registro de Marca ante el IMPI,1,0,0,0,0,301200001,30,120,Oteapan,"17°59´58.212""N","094°39´59.722""W",17.999503,-94.666589,60
120,30121,Ozuluama de Mascareñas,0,0,0,0,0,0,0,0,0,0,0,0,Plataforma Digital,,0,0,0,0,0,0,0,0,0,0,0,0,0,Registro Único de Productores Veracruzanos,1,0,Marca de Certificación Hecho en Veracruz,1,0,0,0,0,Estudio de contenido nutrimental,1,0,0,0,0,0,0,0,301210001,30,121,Ozuluama de Mascareñas,"21°39´40.538""N","097°51´01.823""W",21.661261,-97.850506,164
121,30122,Pajapan,0,0,0,0,0,0,0,0,0,0,0,0,Plataforma Digital,,0,0,0,0,0,0,0,PDIT,3,https://www.flickr.com/photos/193071064@N03/albums/72157719270736637,0,0,0,0,0,0,0,0,0,0,0,0,0,0,0,0,0,0,0,0,0,301220001,30,122,Pajapan,"18°15´42.277""N","094°41´30.425""W",18.261744,-94.691785,182
122,30123,Pánuco,0,0,0,0,0,0,0,0,0,0,0,0,Plataforma Digital,,0,Atención y Atracción de Inversiones,1,https://www.flickr.com/photos/193071064@N03/albums/72157719270644337,Gestíon y Acompañamiento en materia industrial,1,https://www.flickr.com/photos/193071064@N03/albums/72157719260099024,PDIT,17,https://www.flickr.com/photos/193071064@N03/albums/72157719270736637,0,0,0,0,0,0,0,0,0,0,0,0,0,0,0,0,0,0,0,0,0,301230001,30,123,Pánuco,"22°03´13.005""N","098°10´52.699""W",22.053613,-98.181305,19
123,30124,Papantla,0,0,0,0,0,0,Capacitación en materia industrial,2,0,Capacitación en materia industrial,2,0,Plataforma Digital,,0,0,0,0,Gestíon y Acompañamiento en materia industrial,2,https://www.flickr.com/photos/193071064@N03/albums/72157719260099024,0,0,0,Vinculación industrial,2,https://www.flickr.com/photos/193071064@N03/albums/72157719313133965,Registro Único de Productores Veracruzanos,2,0,Marca de Certificación Hecho en Veracruz,2,0,0,0,0,0,0,0,Registro de Marca ante el IMPI,3,0,Diseño de logotipo e imagen corporativa,1,0,301240001,30,124,Papantla,"20°26´48.237""N","097°19´21.897""W",20.446733,-97.322749,171
124,30125,Paso del Macho,0,0,0,0,0,0,0,0,0,0,0,0,Plataforma Digital,,0,0,0,0,0,0,0,0,0,0,0,0,0,0,0,0,0,0,0,0,0,0,0,0,0,0,0,0,0,0,0,301250001,30,125,Paso del Macho,"18°58´19.758""N","096°43´28.240""W",18.972155,-96.724511,484
125,30126,Paso de Ovejas,0,0,0,0,0,0,0,0,0,0,0,0,Plataforma Digital,,0,0,0,0,0,0,0,0,0,0,Vinculación industrial,1,https://www.flickr.com/photos/193071064@N03/albums/72157719313133965,0,0,0,0,0,0,0,0,0,0,0,0,Registro de Marca ante el IMPI,1,0,0,0,0,301260001,30,126,Paso de Ovejas,"19°17´06.169""N","096°26´18.430""W",19.285047,-96.438453,46
126,30127,La Perla,0,0,0,0,0,0,0,0,0,0,0,0,Plataforma Digital,,0,0,0,0,0,0,0,0,0,0,0,0,0,0,0,0,0,0,0,0,0,0,0,0,0,0,0,0,0,0,0,301270001,30,127,La Perla,"18°55´39.429""N","097°08´02.485""W",18.927619,-97.134024,1611
127,30128,Perote,0,0,0,0,0,0,0,2,0,0,2,0,Plataforma Digital,,0,Atención y Atracción de Inversiones,5,https://www.flickr.com/photos/193071064@N03/albums/72157719270644337,Gestíon y Acompañamiento en materia industrial,5,https://www.flickr.com/photos/193071064@N03/albums/72157719260099024,0,0,0,0,0,0,Registro Único de Productores Veracruzanos,2,0,Marca de Certificación Hecho en Veracruz,1,0,0,0,0,0,0,0,Registro de Marca ante el IMPI,1,0,Diseño de logotipo e imagen corporativa,1,0,301280001,30,128,Perote,"19°33´38.352""N","097°14´38.659""W",19.560653,-97.244072,2409
128,30129,Platón Sánchez,0,0,0,0,0,0,0,0,0,0,0,0,Plataforma Digital,,0,0,0,0,0,0,0,0,0,0,0,0,0,0,0,0,0,0,0,0,0,0,0,0,0,0,0,0,0,0,0,301290001,30,129,Platón Sánchez,"21°16´23.512""N","098°22´26.923""W",21.273198,-98.374145,60
129,30130,Playa Vicente,0,0,0,0,0,0,0,0,0,0,0,0,Plataforma Digital,,0,0,0,0,0,0,0,PDIT,5,https://www.flickr.com/photos/193071064@N03/albums/72157719270736637,0,0,0,0,0,0,0,0,0,0,0,0,0,0,0,0,0,0,0,0,0,301300001,30,130,Playa Vicente,"17°49´55.678""N","095°48´43.404""W",17.832133,-95.812057,44
130,30131,Poza Rica de Hidalgo,0,0,0,Asesorías en materia industrial,1,https://www.flickr.com/photos/193071064@N03/albums/72157719257839583,Capacitación en materia industrial,19,0,Capacitación en materia industrial,19,0,Plataforma Digital,,0,0,0,0,Gestíon y Acompañamiento en materia industrial,3,https://www.flickr.com/photos/193071064@N03/albums/72157719260099024,0,0,0,Vinculación industrial,1,https://www.flickr.com/photos/193071064@N03/albums/72157719313133965,Registro Único de Productores Veracruzanos,2,0,Marca de Certificación Hecho en Veracruz,2,0,Obtención de Código de Barras,1,0,Estudio de contenido nutrimental,1,0,Registro de Marca ante el IMPI,13,0,Diseño de logotipo e imagen corporativa,1,0,301310001,30,131,Poza Rica de Hidalgo,"20°32´02.715""N","097°26´36.841""W",20.534088,-97.443567,51
131,30132,Las Vigas de Ramírez,0,0,0,0,0,0,0,0,0,0,0,0,Plataforma Digital,,0,0,0,0,0,0,0,0,0,0,0,0,0,0,0,0,0,0,0,0,0,0,0,0,0,0,0,0,0,0,0,301320001,30,132,Las Vigas de Ramírez,"19°38´18.500""N","097°06´12.585""W",19.638472,-97.103496,2420
132,30133,Pueblo Viejo,0,0,0,0,0,0,0,0,0,0,0,0,Plataforma Digital,,0,0,0,0,0,0,0,0,0,0,0,0,0,0,0,0,0,0,0,0,0,0,0,0,0,0,0,0,0,0,0,301330001,30,133,Pueblo Viejo,"22°11´01.078""N","097°50´12.034""W",22.183633,-97.836676,3
133,30134,Puente Nacional,0,0,0,0,0,0,0,0,0,0,0,0,Plataforma Digital,,0,0,0,0,0,0,0,0,0,0,0,0,0,0,0,0,0,0,0,0,0,0,0,0,0,0,0,0,0,0,0,301340001,30,134,Puente Nacional,"19°19´38.547""N","096°28´53.900""W",19.327374,-96.481639,81
134,30135,Rafael Delgado,0,0,0,0,0,0,0,0,0,0,0,0,Plataforma Digital,,0,0,0,0,0,0,0,0,0,0,0,0,0,0,0,0,0,0,0,0,0,0,0,0,0,0,0,0,0,0,0,301350001,30,135,Rafael Delgado,"18°48´37.878""N","097°04´24.375""W",18.810522,-97.073438,1139
135,30136,Rafael Lucio,0,0,0,0,0,0,0,0,0,0,0,0,Plataforma Digital,,0,0,0,0,0,0,0,PDIT,17,https://www.flickr.com/photos/193071064@N03/albums/72157719270736637,0,0,0,0,0,0,0,0,0,0,0,0,0,0,0,0,0,0,0,0,0,301360001,30,136,Rafael Lucio,"19°35´35.180""N","096°59´22.410""W",19.593106,-96.989558,1820
136,30137,Los Reyes,0,0,0,0,0,0,0,0,0,0,0,0,Plataforma Digital,,0,0,0,0,0,0,0,0,0,0,0,0,0,0,0,0,0,0,0,0,0,0,0,0,0,0,0,0,0,0,0,301370001,30,137,Los Reyes,"18°40´21.280""N","097°02´39.327""W",18.672578,-97.044258,1682
137,30138,Río Blanco,0,0,0,0,0,0,0,6,0,0,6,0,Plataforma Digital,,0,0,0,0,Gestíon y Acompañamiento en materia industrial,2,https://www.flickr.com/photos/193071064@N03/albums/72157719260099024,PDIT,17,https://www.flickr.com/photos/193071064@N03/albums/72157719270736637,Vinculación industrial,1,https://www.flickr.com/photos/193071064@N03/albums/72157719313133965,Registro Único de Productores Veracruzanos,1,0,Marca de Certificación Hecho en Veracruz,1,0,Obtención de Código de Barras,1,0,Estudio de contenido nutrimental,1,0,Registro de Marca ante el IMPI,3,0,0,0,0,301380001,30,138,Río Blanco,"18°50´19.914""N","097°08´22.290""W",18.838865,-97.139525,1240
138,30139,Saltabarranca,0,0,0,0,0,0,0,0,0,0,0,0,Plataforma Digital,,0,0,0,0,0,0,0,PDIT,17,https://www.flickr.com/photos/193071064@N03/albums/72157719270736637,0,0,0,0,0,0,0,0,0,0,0,0,0,0,0,0,0,0,0,0,0,301390001,30,139,Saltabarranca,"18°35´24.865""N","095°31´54.764""W",18.59024,-95.531879,2
139,30140,San Andrés Tenejapan,0,0,0,0,0,0,0,0,0,0,0,0,Plataforma Digital,,0,0,0,0,0,0,0,PDIT,17,https://www.flickr.com/photos/193071064@N03/albums/72157719270736637,0,0,0,0,0,0,0,0,0,0,0,0,0,0,0,0,0,0,0,0,0,301400001,30,140,San Andrés Tenejapan,"18°47´19.329""N","097°05´35.611""W",18.788703,-97.093225,1167
140,30141,San Andrés Tuxtla,0,0,0,Asesorías en materia industrial,1,https://www.flickr.com/photos/193071064@N03/albums/72157719257839583,Capacitación en materia industrial,8,0,Capacitación en materia industrial,8,0,Plataforma Digital,,0,0,0,0,Gestíon y Acompañamiento en materia industrial,2,https://www.flickr.com/photos/193071064@N03/albums/72157719260099024,PDIT,19,https://www.flickr.com/photos/193071064@N03/albums/72157719270736637,Vinculación industrial,3,https://www.flickr.com/photos/193071064@N03/albums/72157719313133965,0,0,0,0,0,0,0,0,0,0,0,0,Registro de Marca ante el IMPI,6,0,0,0,0,301410001,30,141,San Andrés Tuxtla,"18°26´55.206""N","095°12´45.255""W",18.448668,-95.212571,299
141,30142,San Juan Evangelista,0,0,0,0,0,0,0,0,0,0,0,0,Plataforma Digital,,0,0,0,0,0,0,0,PDIT,2,https://www.flickr.com/photos/193071064@N03/albums/72157719270736637,0,0,0,0,0,0,0,0,0,0,0,0,0,0,0,0,0,0,0,0,0,301420001,30,142,San Juan Evangelista,"17°53´09.788""N","095°08´24.288""W",17.886052,-95.14008,27
142,30143,Santiago Tuxtla,0,0,0,0,0,0,0,0,0,0,0,0,Plataforma Digital,,0,0,0,0,0,0,0,PDIT,19,https://www.flickr.com/photos/193071064@N03/albums/72157719270736637,0,0,0,0,0,0,0,0,0,0,0,0,0,0,0,0,0,0,0,0,0,301430001,30,143,Santiago Tuxtla,"18°27´56.314""N","095°18´06.313""W",18.465643,-95.301754,200
143,30144,Sayula de Alemán,0,0,0,0,0,0,0,4,0,0,4,0,Plataforma Digital,,0,0,0,0,0,0,0,PDIT,2,https://www.flickr.com/photos/193071064@N03/albums/72157719270736637,0,0,0,0,0,0,0,0,0,0,0,0,0,0,0,0,0,0,0,0,0,301440001,30,144,Sayula de Alemán,"17°52´51.490""N","094°57´36.392""W",17.880969,-94.960109,85
144,30145,Soconusco,0,0,0,0,0,0,0,0,0,0,0,0,Plataforma Digital,,0,0,0,0,0,0,0,PDIT,3,https://www.flickr.com/photos/193071064@N03/albums/72157719270736637,0,7,https://www.flickr.com/photos/193071064@N03/albums/72157719313133965,0,0,0,0,0,0,0,0,0,0,0,0,Registro de Marca ante el IMPI,1,0,0,0,0,301450001,30,145,Soconusco,"17°57´46.370""N","094°52´51.783""W",17.962881,-94.881051,64
145,30146,Sochiapa,0,0,0,0,0,0,0,0,0,0,0,0,Plataforma Digital,,0,0,0,0,0,0,0,0,0,0,0,0,0,0,0,0,0,0,0,0,0,0,0,0,0,0,0,0,0,0,0,301460001,30,146,Sochiapa,"19°11´35.863""N","096°56´26.324""W",19.193295,-96.940646,1333
146,30147,Soledad Atzompa,0,0,0,0,0,0,0,0,0,0,0,0,Plataforma Digital,,0,0,0,0,0,0,0,0,0,0,0,0,0,0,0,0,0,0,0,0,0,0,0,0,0,0,0,0,0,0,0,301470001,30,147,Soledad Atzompa,"18°45´19.134""N","097°08´57.888""W",18.755315,-97.149413,2088
147,30148,Soledad de Doblado,0,0,0,0,0,0,0,0,0,0,0,0,Plataforma Digital,,0,0,0,0,0,0,0,0,0,0,0,0,0,0,0,0,0,0,0,0,0,0,0,0,0,0,0,0,0,0,0,301480001,30,148,Soledad de Doblado,"19°02´41.085""N","096°25´23.841""W",19.044746,-96.423289,101
148,30149,Soteapan,0,0,0,0,0,0,0,0,0,0,0,0,Plataforma Digital,,0,0,0,0,0,0,0,PDIT,2,https://www.flickr.com/photos/193071064@N03/albums/72157719270736637,0,0,0,Registro Único de Productores Veracruzanos,2,0,Marca de Certificación Hecho en Veracruz,2,0,0,0,0,0,0,0,0,0,0,0,0,0,301490001,30,149,Soteapan,"18°13´46.236""N","094°52´21.923""W",18.22951,-94.872756,439
149,30150,Tamalín,0,0,0,0,0,0,Capacitación en materia industrial,2,0,Capacitación en materia industrial,2,0,Plataforma Digital,,0,0,0,0,Gestíon y Acompañamiento en materia industrial,4,https://www.flickr.com/photos/193071064@N03/albums/72157719260099024,0,0,0,0,0,0,0,0,0,0,0,0,0,0,0,0,0,0,0,0,0,0,0,0,301500001,30,150,Tamalín,"21°20´16.579""N","097°48´47.628""W",21.337939,-97.81323,151
150,30151,Tamiahua,0,0,0,0,0,0,0,0,0,0,0,0,Plataforma Digital,,0,0,0,0,0,0,0,0,0,0,0,0,0,0,0,0,0,0,0,0,0,0,0,0,0,0,0,0,0,0,0,301510001,30,151,Tamiahua,"21°16´47.071""N","097°26´47.489""W",21.279742,-97.446525,16
151,30152,Tampico Alto,0,0,0,0,0,0,0,0,0,0,0,0,Plataforma Digital,,0,0,0,0,0,0,0,0,0,0,0,0,0,0,0,0,0,0,0,0,0,0,0,0,0,0,0,0,0,0,0,301520001,30,152,Tampico Alto,"22°06´47.628""N","097°48´05.869""W",22.11323,-97.80163,25
152,30153,Tancoco,0,0,0,0,0,0,0,0,0,0,0,0,Plataforma Digital,,0,0,0,0,0,0,0,0,0,0,0,0,0,0,0,0,0,0,0,0,0,0,0,0,0,0,0,0,0,0,0,301530001,30,153,Tancoco,"21°17´11.296""N","097°47´28.337""W",21.286471,-97.791205,223
153,30154,Tantima,0,0,0,0,0,0,0,0,0,0,0,0,Plataforma Digital,,0,0,0,0,0,0,0,0,0,0,0,0,0,0,0,0,0,0,0,0,0,0,0,0,0,0,0,0,0,0,0,301540001,30,154,Tantima,"21°19´46.693""N","097°49´59.852""W",21.329637,-97.833292,203
154,30155,Tantoyuca,0,0,0,0,0,0,0,0,0,0,0,0,Plataforma Digital,,0,0,0,0,Gestíon y Acompañamiento en materia industrial,1,https://www.flickr.com/photos/193071064@N03/albums/72157719260099024,0,0,0,0,0,0,Registro Único de Productores Veracruzanos,1,0,0,0,0,0,0,0,0,0,0,0,0,0,0,0,0,301550001,30,155,Tantoyuca,"21°21´06.531""N","098°13´47.710""W",21.351814,-98.229919,131
155,30156,Tatatila,0,0,0,0,0,0,0,0,0,0,0,0,Plataforma Digital,,0,0,0,0,0,0,0,0,0,0,0,0,0,0,0,0,0,0,0,0,0,0,0,0,0,0,0,0,0,0,0,301560001,30,156,Tatatila,"19°41´36.445""N","097°06´43.711""W",19.693457,-97.112142,2059
156,30157,Castillo de Teayo,0,0,0,0,0,0,0,0,0,0,0,0,Plataforma Digital,,0,0,0,0,0,0,0,PDIT,17,https://www.flickr.com/photos/193071064@N03/albums/72157719270736637,Vinculación industrial,1,https://www.flickr.com/photos/193071064@N03/albums/72157719313133965,0,0,0,0,0,0,0,0,0,0,0,0,0,0,0,0,0,0,301570001,30,157,Castillo de Teayo,"20°44´59.039""N","097°37´57.898""W",20.749733,-97.632749,70
157,30158,Tecolutla,0,0,0,0,0,0,0,0,0,0,0,0,Plataforma Digital,,0,0,0,0,0,0,0,0,0,0,0,0,0,0,0,0,0,0,0,0,0,0,0,0,0,0,0,0,0,0,0,301580001,30,158,Tecolutla,"20°28´38.613""N","097°00´30.423""W",20.477393,-97.008451,1
158,30159,Tehuipango,0,0,0,0,0,0,0,0,0,0,0,0,Plataforma Digital,,0,0,0,0,0,0,0,0,0,0,0,0,0,0,0,0,0,0,0,0,0,0,0,0,0,Registro de Marca ante el IMPI,1,0,0,0,0,301590001,30,159,Tehuipango,"18°31´03.936""N","097°03´22.058""W",18.51776,-97.056127,2350
159,30160,Álamo Temapache,0,0,0,Asesorías en materia industrial,2,https://www.flickr.com/photos/193071064@N03/albums/72157719257839583,Capacitación en materia industrial,1,0,Capacitación en materia industrial,1,0,Plataforma Digital,,0,0,0,0,Gestíon y Acompañamiento en materia industrial,1,https://www.flickr.com/photos/193071064@N03/albums/72157719260099024,0,0,0,0,0,0,0,0,0,0,0,0,0,0,0,0,0,0,Registro de Marca ante el IMPI,1,0,Diseño de logotipo e imagen corporativa,1,0,301600001,30,160,Álamo Temapache,"20°55´01.713""N","097°40´31.913""W",20.917143,-97.675531,19
160,30161,Tempoal,0,0,0,0,0,0,0,0,0,0,0,0,Plataforma Digital,,0,0,0,0,Gestíon y Acompañamiento en materia industrial,1,https://www.flickr.com/photos/193071064@N03/albums/72157719260099024,0,0,0,0,0,0,0,0,0,0,0,0,0,0,0,0,0,0,0,0,0,0,0,0,301610001,30,161,Tempoal,"21°31´20.210""N","098°23´17.251""W",21.522281,-98.388125,65
161,30162,Tenampa,0,0,0,0,0,0,0,0,0,0,0,0,Plataforma Digital,,0,0,0,0,0,0,0,0,0,0,0,0,0,0,0,0,0,0,0,0,0,0,0,0,0,0,0,0,0,0,0,301620001,30,162,Tenampa,"19°14´54.798""N","096°53´05.473""W",19.248555,-96.884854,1022
162,30163,Tenochtitlán,0,0,0,0,0,0,0,0,0,0,0,0,Plataforma Digital,,0,0,0,0,0,0,0,0,0,0,0,0,0,0,0,0,0,0,0,0,0,0,0,0,0,0,0,0,0,0,0,301630001,30,163,Tenochtitlán,"19°48´36.479""N","096°54´58.917""W",19.810133,-96.916366,896
163,30164,Teocelo,0,0,0,0,0,0,0,0,0,0,0,0,Plataforma Digital,,0,0,0,0,0,0,0,0,0,0,0,0,0,0,0,0,0,0,0,0,0,0,0,0,0,Registro de Marca ante el IMPI,1,0,0,0,0,301640001,30,164,Teocelo,"19°23´10.502""N","096°58´19.837""W",19.386251,-96.972177,1181
164,30165,Tepatlaxco,0,0,0,0,0,0,0,0,0,0,0,0,Plataforma Digital,,0,0,0,0,0,0,0,0,0,0,0,0,0,0,0,0,0,0,0,0,0,0,0,0,0,0,0,0,0,0,0,301650001,30,165,Tepatlaxco,"19°04´02.442""N","096°50´31.339""W",19.067345,-96.842039,804
165,30166,Tepetlán,0,0,0,0,0,0,0,0,0,0,0,0,Plataforma Digital,,0,0,0,0,0,0,0,0,0,0,0,0,0,0,0,0,0,0,0,0,0,0,0,0,0,0,0,0,0,0,0,301660001,30,166,Tepetlán,"19°40´25.928""N","096°47´45.552""W",19.673869,-96.795987,1184
166,30167,Tepetzintla,0,0,0,0,0,0,0,0,0,0,0,0,Plataforma Digital,,0,0,0,0,0,0,0,PDIT,18,https://www.flickr.com/photos/193071064@N03/albums/72157719270736637,0,0,0,0,0,0,0,0,0,0,0,0,0,0,0,0,0,0,0,0,0,301670001,30,167,Tepetzintla,"21°09´58.008""N","097°51´03.807""W",21.166113,-97.851058,253
167,30168,Tequila,0,0,0,0,0,0,0,0,0,0,0,0,Plataforma Digital,,0,0,0,0,0,0,0,0,0,0,0,0,0,Registro Único de Productores Veracruzanos,2,0,Marca de Certificación Hecho en Veracruz,1,0,0,0,0,0,0,0,0,0,0,0,0,0,301680001,30,168,Tequila,"18°43´47.299""N","097°04´09.929""W",18.729805,-97.069425,1692
168,30169,José Azueta,0,0,0,0,0,0,0,0,0,0,0,0,Plataforma Digital,,0,0,0,0,0,0,0,0,0,0,0,0,0,0,0,0,0,0,0,0,0,0,0,0,0,0,0,0,0,0,0,301690001,30,169,José Azueta,"18°04´32.286""N","095°42´28.674""W",18.075635,-95.707965,18
169,30170,Texcatepec,0,0,0,0,0,0,0,0,0,0,0,0,Plataforma Digital,,0,0,0,0,0,0,0,0,0,0,0,0,0,0,0,0,0,0,0,0,0,0,0,0,0,0,0,0,0,0,0,301700001,30,170,Texcatepec,"20°35´05.350""N","098°21´52.432""W",20.584819,-98.364564,1867
170,30171,Texhuacán,0,0,0,0,0,0,0,0,0,0,0,0,Plataforma Digital,,0,0,0,0,0,0,0,0,0,0,0,0,0,0,0,0,0,0,0,0,0,0,0,0,0,0,0,0,0,0,0,301710001,30,171,Texhuacán,"18°37´14.297""N","097°02´19.440""W",18.620638,-97.038733,1968
171,30172,Texistepec,0,0,0,0,0,0,0,0,0,0,0,0,Plataforma Digital,,0,0,0,0,0,0,0,PDIT,4,https://www.flickr.com/photos/193071064@N03/albums/72157719270736637,0,0,0,0,0,0,0,0,0,0,0,0,0,0,0,0,0,0,0,0,0,301720001,30,172,Texistepec,"17°53´39.398""N","094°48´55.059""W",17.894277,-94.815294,40
172,30173,Tezonapa,0,0,0,Asesorías en materia industrial,1,https://www.flickr.com/photos/193071064@N03/albums/72157719257839583,Capacitación en materia industrial,1,0,Capacitación en materia industrial,1,0,Plataforma Digital,,0,0,0,0,0,0,0,0,0,0,0,0,0,0,0,0,0,0,0,Obtención de Código de Barras,1,0,0,0,0,Registro de Marca ante el IMPI,1,0,Diseño de logotipo e imagen corporativa,1,0,301730001,30,173,Tezonapa,"18°36´24.505""N","096°41´15.121""W",18.606807,-96.687534,219
173,30174,Tierra Blanca,0,0,0,0,0,0,0,0,0,0,0,0,Plataforma Digital,,0,Atención y Atracción de Inversiones,1,https://www.flickr.com/photos/193071064@N03/albums/72157719270644337,0,0,0,0,0,0,0,0,0,0,0,0,0,0,0,0,0,0,0,0,0,0,0,0,0,0,0,301740001,30,174,Tierra Blanca,"18°26´50.816""N","096°21´37.133""W",18.447449,-96.360315,58
174,30175,Tihuatlán,0,0,0,0,0,0,0,0,0,0,0,0,Plataforma Digital,,0,0,0,0,0,0,0,0,0,0,Vinculación industrial,1,https://www.flickr.com/photos/193071064@N03/albums/72157719313133965,Registro Único de Productores Veracruzanos,2,0,Marca de Certificación Hecho en Veracruz,1,0,0,0,0,0,0,0,0,0,0,0,0,0,301750001,30,175,Tihuatlán,"20°43´00.020""N","097°32´16.602""W",20.716672,-97.537945,118
175,30176,Tlacojalpan,0,0,0,0,0,0,0,0,0,0,0,0,Plataforma Digital,,0,0,0,0,0,0,0,0,0,0,0,0,0,0,0,0,0,0,0,0,0,0,0,0,0,0,0,0,0,0,0,301760001,30,176,Tlacojalpan,"18°13´51.188""N","095°56´51.459""W",18.230886,-95.947628,9
176,30177,Tlacolulan,0,0,0,0,0,0,0,0,0,0,0,0,Plataforma Digital,,0,0,0,0,0,0,0,0,0,0,0,0,0,0,0,0,0,0,0,0,0,0,0,0,0,0,0,0,0,0,0,301770001,30,177,Tlacolulan,"19°39´53.491""N","097°00´04.935""W",19.664859,-97.001371,1746
177,30178,Tlacotalpan,0,0,0,0,0,0,0,0,0,0,0,0,Plataforma Digital,,0,0,0,0,0,0,0,0,0,0,0,0,0,0,0,0,0,0,0,0,0,0,0,0,0,Registro de Marca ante el IMPI,1,0,0,0,0,301780001,30,178,Tlacotalpan,"18°36´46.890""N","095°39´22.585""W",18.613025,-95.656274,-3
178,30179,Tlacotepec de Mejía,0,0,0,0,0,0,Capacitación en materia industrial,1,0,Capacitación en materia industrial,1,0,Plataforma Digital,,0,0,0,0,0,0,0,0,0,0,0,0,0,0,0,0,0,0,0,0,0,0,0,0,0,0,0,0,0,0,0,301790001,30,179,Tlacotepec de Mejía,"19°11´31.683""N","096°50´11.427""W",19.192134,-96.836508,877
179,30180,Tlachichilco,0,0,0,0,0,0,Capacitación en materia industrial,2,0,Capacitación en materia industrial,2,0,Plataforma Digital,,0,0,0,0,0,0,0,0,0,0,Vinculación industrial,1,https://www.flickr.com/photos/193071064@N03/albums/72157719313133965,Registro Único de Productores Veracruzanos,1,0,Marca de Certificación Hecho en Veracruz,1,0,0,0,0,0,0,0,0,0,0,0,0,0,301800001,30,180,Tlachichilco,"20°37´17.647""N","098°11´56.575""W",20.621569,-98.199049,791
180,30181,Tlalixcoyan,0,0,0,0,0,0,0,0,0,0,0,0,Plataforma Digital,,0,0,0,0,0,0,0,0,0,0,0,0,0,0,0,0,0,0,0,0,0,0,0,0,0,0,0,0,0,0,0,301810001,30,181,Tlalixcoyan,"18°48´07.781""N","096°03´39.197""W",18.802161,-96.060888,3
181,30182,Tlalnelhuayocan,0,0,0,0,0,0,0,0,0,0,0,0,Plataforma Digital,,0,0,0,0,0,0,0,0,0,0,0,0,0,0,0,0,0,0,0,Obtención de Código de Barras,1,0,0,0,0,0,0,0,0,0,0,301820001,30,182,Tlalnelhuayocan,"19°33´53.055""N","096°58´26.029""W",19.564738,-96.973897,1616
182,30183,Tlapacoyan,0,0,0,0,0,0,0,0,0,0,0,0,Plataforma Digital,,0,0,0,0,Gestíon y Acompañamiento en materia industrial,1,https://www.flickr.com/photos/193071064@N03/albums/72157719260099024,0,0,0,0,0,0,0,0,0,0,0,0,0,0,0,0,0,0,0,0,0,0,0,0,301830001,30,183,Tlapacoyan,"19°57´45.548""N","097°12´45.107""W",19.962652,-97.21253,431
183,30184,Tlaquilpa,0,0,0,0,0,0,0,0,0,0,0,0,Plataforma Digital,,0,0,0,0,0,0,0,0,0,0,0,0,0,0,0,0,0,0,0,0,0,0,0,0,0,0,0,0,0,0,0,301840001,30,184,Tlaquilpa,"18°36´44.174""N","097°07´07.971""W",18.612271,-97.118881,2380
184,30185,Tlilapan,0,0,0,0,0,0,0,0,0,0,0,0,Plataforma Digital,,0,0,0,0,0,0,0,0,0,0,0,0,0,0,0,0,0,0,0,0,0,0,0,0,0,0,0,0,0,0,0,301850001,30,185,Tlilapan,"18°48´20.684""N","097°05´56.610""W",18.805746,-97.099058,1132
185,30186,Tomatlán,0,0,0,0,0,0,0,0,0,0,0,0,Plataforma Digital,,0,0,0,0,0,0,0,0,0,0,0,0,0,0,0,0,0,0,0,0,0,0,0,0,0,0,0,0,0,0,0,301860001,30,186,Tomatlán,"19°01´53.542""N","097°00´36.938""W",19.031539,-97.010261,1357
186,30187,Tonayán,0,0,0,0,0,0,0,0,0,0,0,0,Plataforma Digital,,0,0,0,0,0,0,0,0,0,0,0,0,0,0,0,0,0,0,0,0,0,0,0,0,0,0,0,0,0,0,0,301870001,30,187,Tonayán,"19°40´58.405""N","096°55´17.425""W",19.68289,-96.921507,1819
187,30188,Totutla,0,0,0,0,0,0,0,0,0,0,0,0,Plataforma Digital,,0,0,0,0,0,0,0,0,0,0,0,0,0,0,0,0,0,0,0,0,0,0,0,0,0,Registro de Marca ante el IMPI,1,0,0,0,0,301880001,30,188,Totutla,"19°12´40.629""N","096°57´40.661""W",19.211286,-96.961295,1448
188,30189,Tuxpan,0,0,0,0,0,0,Capacitación en materia industrial,6,0,Capacitación en materia industrial,6,0,Plataforma Digital,,0,Atención y Atracción de Inversiones,1,https://www.flickr.com/photos/193071064@N03/albums/72157719270644337,Gestíon y Acompañamiento en materia industrial,5,https://www.flickr.com/photos/193071064@N03/albums/72157719260099024,0,0,0,Vinculación industrial,2,https://www.flickr.com/photos/193071064@N03/albums/72157719313133965,Registro Único de Productores Veracruzanos,1,0,Marca de Certificación Hecho en Veracruz,1,0,0,0,0,0,0,0,Registro de Marca ante el IMPI,8,0,Diseño de logotipo e imagen corporativa,1,0,301890001,30,189,Tuxpan,"20°57´51.468""N","097°24´14.138""W",20.964297,-97.403927,20
189,30190,Tuxtilla,0,0,0,0,0,0,0,0,0,0,0,0,Plataforma Digital,,0,0,0,0,0,0,0,0,0,0,0,0,0,0,0,0,0,0,0,0,0,0,0,0,0,0,0,0,0,0,0,301900001,30,190,Tuxtilla,"18°14´20.255""N","095°53´41.086""W",18.23896,-95.894746,8
190,30191,Ursulo Galván,0,0,0,0,0,0,Capacitación en materia industrial,1,0,Capacitación en materia industrial,1,0,Plataforma Digital,,0,0,0,0,0,0,0,0,0,0,Vinculación industrial,1,https://www.flickr.com/photos/193071064@N03/albums/72157719313133965,0,0,0,0,0,0,0,0,0,0,0,0,0,0,0,0,0,0,301910001,30,191,Ursulo Galván,"19°24´23.206""N","096°21´35.857""W",19.406446,-96.35996,6
191,30192,Vega de Alatorre,0,0,0,0,0,0,0,0,0,0,0,0,Plataforma Digital,,0,0,0,0,0,0,0,PDIT,17,https://www.flickr.com/photos/193071064@N03/albums/72157719270736637,0,0,0,0,0,0,0,0,0,0,0,0,0,0,0,0,0,0,Diseño de logotipo e imagen corporativa,1,0,301920001,30,192,Vega de Alatorre,"20°01´38.877""N","096°38´59.154""W",20.027466,-96.649765,20
192,30193,Veracruz,0,0,0,Asesorías en materia industrial,33,https://www.flickr.com/photos/193071064@N03/albums/72157719257839583,Capacitación en materia industrial,113,0,Capacitación en materia industrial,113,0,Plataforma Digital,,0,Atención y Atracción de Inversiones,36,https://www.flickr.com/photos/193071064@N03/albums/72157719270644337,Gestíon y Acompañamiento en materia industrial,49,https://www.flickr.com/photos/193071064@N03/albums/72157719260099024,0,0,0,Vinculación industrial,8,https://www.flickr.com/photos/193071064@N03/albums/72157719313133965,Registro Único de Productores Veracruzanos,29,0,Marca de Certificación Hecho en Veracruz,23,0,Obtención de Código de Barras,1,0,Estudio de contenido nutrimental,2,0,Registro de Marca ante el IMPI,17,0,Diseño de logotipo e imagen corporativa,4,0,301930001,30,193,Veracruz,"19°11´25.164""N","096°09´10.899""W",19.190323,-96.153028,8
193,30194,Villa Aldama,0,0,0,0,0,0,0,0,0,0,0,0,Plataforma Digital,,0,0,0,0,0,0,0,0,0,0,0,0,0,0,0,0,0,0,0,0,0,0,0,0,0,0,0,0,0,0,0,301940001,30,194,Villa Aldama,"19°38´55.991""N","097°13´22.890""W",19.648886,-97.223025,2398
194,30195,Xoxocotla,0,0,0,0,0,0,0,0,0,0,0,0,Plataforma Digital,,0,0,0,0,0,0,0,PDIT,17,https://www.flickr.com/photos/193071064@N03/albums/72157719270736637,0,1,https://www.flickr.com/photos/193071064@N03/albums/72157719313133965,0,0,0,0,0,0,0,0,0,0,0,0,0,0,0,0,0,0,301950001,30,195,Xoxocotla,"18°38´52.099""N","097°09´06.832""W",18.647805,-97.151898,2119
195,30196,Yanga,0,0,0,0,0,0,0,0,0,0,0,0,Plataforma Digital,,0,0,0,0,0,0,0,0,0,0,0,0,0,0,0,0,0,0,0,0,0,0,0,0,0,0,0,0,0,0,0,301960001,30,196,Yanga,"18°50´01.810""N","096°47´54.593""W",18.833836,-96.798498,515
196,30197,Yecuatla,0,0,0,0,0,0,0,0,0,0,0,0,Plataforma Digital,,0,0,0,0,0,0,0,PDIT,17,https://www.flickr.com/photos/193071064@N03/albums/72157719270736637,0,0,0,Registro Único de Productores Veracruzanos,1,0,Marca de Certificación Hecho en Veracruz,1,0,0,0,0,0,0,0,0,0,0,0,0,0,301970001,30,197,Yecuatla,"19°51´58.271""N","096°46´34.416""W",19.866186,-96.776227,440
197,30198,Zacualpan,0,0,0,0,0,0,0,0,0,0,0,0,Plataforma Digital,,0,0,0,0,0,0,0,0,0,0,0,0,0,Registro Único de Productores Veracruzanos,1,0,Marca de Certificación Hecho en Veracruz,1,0,0,0,0,0,0,0,0,0,0,0,0,0,301980001,30,198,Zacualpan,"20°26´01.344""N","098°20´55.309""W",20.433707,-98.348697,1695
198,30199,Zaragoza,0,0,0,0,0,0,0,0,0,0,0,0,Plataforma Digital,,0,0,0,0,0,0,0,PDIT,2,https://www.flickr.com/photos/193071064@N03/albums/72157719270736637,0,0,0,0,0,0,0,0,0,0,0,0,0,0,0,0,0,0,0,0,0,301990001,30,199,Zaragoza,"17°57´20.691""N","094°38´32.689""W",17.955748,-94.642414,19
199,30200,Zentla,0,0,0,0,0,0,0,0,0,0,0,0,Plataforma Digital,,0,0,0,0,0,0,0,PDIT,17,https://www.flickr.com/photos/193071064@N03/albums/72157719270736637,Vinculación industrial,3,https://www.flickr.com/photos/193071064@N03/albums/72157719313133965,Registro Único de Productores Veracruzanos,1,0,Marca de Certificación Hecho en Veracruz,1,0,0,0,0,0,0,0,0,0,0,0,0,0,302000001,30,200,Zentla,"19°06´55.089""N","096°51´31.532""W",19.115303,-96.858759,931
200,30201,Zongolica,0,0,0,0,0,0,Capacitación en materia industrial,3,0,Capacitación en materia industrial,3,0,Plataforma Digital,,0,0,0,0,0,0,0,PDIT,17,https://www.flickr.com/photos/193071064@N03/albums/72157719270736637,0,0,0,Registro Único de Productores Veracruzanos,3,0,Marca de Certificación Hecho en Veracruz,3,0,0,0,0,0,0,0,Registro de Marca ante el IMPI,2,0,Diseño de logotipo e imagen corporativa,1,0,302010001,30,201,Zongolica,"18°40´00.807""N","096°59´54.112""W",18.666891,-96.998364,1187
201,30202,Zontecomatlán de López y Fuentes,0,0,0,0,0,0,0,0,0,0,0,0,Plataforma Digital,,0,0,0,0,0,0,0,0,0,0,0,1,https://www.flickr.com/photos/193071064@N03/albums/72157719313133965,0,0,0,0,0,0,0,0,0,0,0,0,0,0,0,0,0,0,302020001,30,202,Zontecomatlán de López y Fuentes,"20°45´43.133""N","098°20´34.500""W",20.761981,-98.342917,500
202,30203,Zozocolco de Hidalgo,0,0,0,0,0,0,0,0,0,0,0,0,Plataforma Digital,,0,0,0,0,0,0,0,0,0,0,0,0,0,0,0,0,0,0,0,0,0,0,0,0,0,0,0,0,0,0,0,302030001,30,203,Zozocolco de Hidalgo,"20°08´27.043""N","097°34´31.848""W",20.140845,-97.575513,290
203,30204,Agua Dulce,0,0,0,0,0,0,0,0,0,0,0,0,Plataforma Digital,,0,Atención y Atracción de Inversiones,1,https://www.flickr.com/photos/193071064@N03/albums/72157719270644337,Gestíon y Acompañamiento en materia industrial,1,https://www.flickr.com/photos/193071064@N03/albums/72157719260099024,PDIT,2,https://www.flickr.com/photos/193071064@N03/albums/72157719270736637,0,0,0,0,0,0,0,0,0,0,0,0,0,0,0,0,0,0,0,0,0,302040001,30,204,Agua Dulce,"18°08´17.780""N","094°08´50.060""W",18.138272,-94.147239,10
204,30205,El Higo,0,0,0,0,0,0,0,0,0,0,0,0,Plataforma Digital,,0,0,0,0,0,0,0,0,0,0,0,0,0,0,0,0,0,0,0,0,0,0,0,0,0,0,0,0,0,0,0,302050001,30,205,El Higo,"21°46´07.443""N","098°27´13.407""W",21.768734,-98.453724,27
205,30206,Nanchital de Lázaro Cárdenas del Río,0,0,0,0,0,0,0,0,0,0,0,0,Plataforma Digital,,0,Atención y Atracción de Inversiones,1,https://www.flickr.com/photos/193071064@N03/albums/72157719270644337,0,0,0,PDIT,4,https://www.flickr.com/photos/193071064@N03/albums/72157719270736637,Vinculación industrial,1,https://www.flickr.com/photos/193071064@N03/albums/72157719313133965,Registro Único de Productores Veracruzanos,1,0,Marca de Certificación Hecho en Veracruz,1,0,0,0,0,0,0,0,0,0,0,0,0,0,302060001,30,206,Nanchital de Lázaro Cárdenas del Río,"18°04´19.709""N","094°24´40.233""W",18.072141,-94.411176,5
206,30207,Tres Valles,0,0,0,0,0,0,0,0,0,0,0,0,Plataforma Digital,,0,0,0,0,0,0,0,0,0,0,0,0,0,0,0,0,0,0,0,0,0,0,0,0,0,0,0,0,0,0,0,302070001,30,207,Tres Valles,"18°14´27.319""N","096°08´05.269""W",18.240922,-96.134797,41
207,30208,Carlos A. Carrillo,0,0,0,0,0,0,0,0,0,0,0,0,Plataforma Digital,,0,0,0,0,0,0,0,0,0,0,Vinculación industrial,1,https://www.flickr.com/photos/193071064@N03/albums/72157719313133965,0,0,0,0,0,0,0,0,0,0,0,0,0,0,0,0,0,0,302080001,30,208,Carlos A. Carrillo,"18°22´18.244""N","095°44´41.135""W",18.371734,-95.74476,1
208,30209,Tatahuicapan de Juárez,0,0,0,0,0,0,0,0,0,0,0,0,Plataforma Digital,,0,0,0,0,0,0,0,PDIT,2,https://www.flickr.com/photos/193071064@N03/albums/72157719270736637,0,0,0,0,0,0,0,0,0,0,0,0,0,0,0,0,0,0,0,0,0,302090001,30,209,Tatahuicapan de Juárez,"18°14´47.210""N","094°45´36.861""W",18.246447,-94.760239,119
209,30210,Uxpanapa,0,0,0,0,0,0,0,0,0,0,0,0,Plataforma Digital,,0,0,0,0,0,0,0,PDIT,3,https://www.flickr.com/photos/193071064@N03/albums/72157719270736637,0,0,0,0,0,0,0,0,0,0,0,0,0,0,0,0,0,0,0,0,0,302100001,30,210,Uxpanapa,"17°16´33.685""N","094°27´04.798""W",17.276024,-94.451333,114
210,30211,San Rafael,0,0,0,0,0,0,Capacitación en materia industrial,2,0,Capacitación en materia industrial,2,0,Plataforma Digital,,0,0,0,0,Gestíon y Acompañamiento en materia industrial,2,https://www.flickr.com/photos/193071064@N03/albums/72157719260099024,0,0,0,0,0,0,Registro Único de Productores Veracruzanos,1,0,Marca de Certificación Hecho en Veracruz,1,0,0,0,0,0,0,0,0,0,0,0,0,0,302110001,30,211,San Rafael,"20°11´16.891""N","096°52´15.435""W",20.188025,-96.870954,9
211,30212,Santiago Sochiapan,0,0,0,0,0,0,0,0,0,0,0,0,Plataforma Digital,,0,0,0,0,0,0,0,0,0,0,0,0,0,0,0,0,0,0,0,0,0,0,0,0,0,0,0,0,0,0,0,302120001,30,212,Santiago Sochiapan,"17°39´49.435""N","095°44´04.567""W",17.663732,-95.734602,130
